Timestamp,age,Gender,Purchase_Frequency,Purchase_Categories,Browsing_Frequency,Product_Search_Method,Search_Result_Exploration,Customer_Reviews_Importance,Add_to_Cart_Browsing,Cart_Completion_Frequency,Cart_Abandonment_Factors,Saveforlater_Frequency,Review_Left,Review_Reliability,Review_Helpfulness,Personalized_Recommendation_Frequency,Recommendation_Helpfulness,Rating_Accuracy,Shopping_Satisfaction,Service_Appreciation,Improvement_Areas,transaction,Purchase_Frequency_Level,Cart_Completion_Frequency_Level,Customer_Segmentation,Cluster
2023/06/07 11:06:40 PM GMT+5:30,59,Others,Once a week,Beauty and Personal Care,Few times a month,others,Multiple pages,4,Yes,Rarely,others,Always,Yes,Rarely,No,1,Yes,3,3,Customer service,User interface of app,433348,4,2,Occasional Shopper,0
2023/06/06 7:08:47 PM GMT+5:30,48,Female,Once a month,Beauty and Personal Care;Clothing and Fashion;Home and Kitchen,Rarely,categories,Multiple pages,1,Maybe,Often,Changed my mind or no longer need the item,Always,No,Never,Sometimes,1,No,5,2,.,.,735054,2,4,Occasional Shopper,1
2023/06/08 9:39:30 PM GMT+5:30,57,Prefer not to say,Multiple times a week,Groceries and Gourmet Food,Rarely,Keyword,First page,2,Yes,Never,Changed my mind or no longer need the item,Sometimes,Yes,Rarely,No,5,Sometimes,3,3,Customer service,Product quality and accuracy,119350,5,1,Occasional Shopper,3
2023/06/07 9:22:24 PM GMT+5:30,30,Others,Few times a month,Groceries and Gourmet Food;Beauty and Personal Care;Clothing and Fashion,Few times a month,others,Multiple pages,2,Maybe,Sometimes,Changed my mind or no longer need the item,Never,Yes,Rarely,Sometimes,4,Sometimes,4,5,Customer service,.,180686,3,3,Occasional Shopper,0
2023/06/06 7:21:26 PM GMT+5:30,51,Female,Once a month,Groceries and Gourmet Food;Beauty and Personal Care;Clothing and Fashion;Home and Kitchen,Few times a month,Filter,First page,5,No,Never,Changed my mind or no longer need the item,Sometimes,Yes,Moderately,Sometimes,1,Yes,3,1,.,I don't have any problem with Amazon,538184,2,1,At Risk,1
2023/06/04 11:27:53 PM GMT+5:30,33,Female,Multiple times a week,Groceries and Gourmet Food;Beauty and Personal Care;Clothing and Fashion;Home and Kitchen;others,Few times a month,categories,Multiple pages,3,No,Often,others,Rarely,Yes,Occasionally,Sometimes,5,Sometimes,4,4,Customer service,Customer service responsiveness,116480,5,4,Frequent Shopper,0
2023/06/06 7:40:53 PM GMT+5:30,10,Male,Once a month,Groceries and Gourmet Food;Clothing and Fashion;Home and Kitchen,Few times a week,Unknown,Multiple pages,5,Maybe,Rarely,Found a better price elsewhere,Always,No,Rarely,Sometimes,1,Yes,3,2,Wide product selection,Nil,445746,2,2,Occasional Shopper,1
2023/06/06 5:16:58 PM GMT+5:30,30,Male,Once a week,Groceries and Gourmet Food;Beauty and Personal Care;others,Few times a month,categories,First page,2,Yes,Always,others,Always,No,Occasionally,Sometimes,1,Sometimes,5,2,Wide product selection,No problems with Amazon,372797,4,5,Occasional Shopper,3
2023/06/08 9:39:55 PM GMT+5:30,8,Female,Once a month,Clothing and Fashion,Few times a week,Filter,First page,3,Yes,Rarely,High shipping costs,Rarely,No,Never,Yes,5,Sometimes,1,2,All the above,No problems with Amazon,571022,2,2,Occasional Shopper,1
2023/06/11 11:10:14 PM GMT+5:30,11,Female,Once a week,Clothing and Fashion,Few times a month,categories,Multiple pages,3,Yes,Sometimes,Found a better price elsewhere,Sometimes,Yes,Heavily,No,3,No,2,3,Customer service,Irrelevant product suggestions,952835,4,3,Occasional Shopper,0
2023/06/07 10:10:58 PM GMT+5:30,28,Others,Less than once a month,Beauty and Personal Care;Clothing and Fashion;Home and Kitchen;others,Multiple times a day,Keyword,First page,5,Yes,Often,Found a better price elsewhere,Often,Yes,Rarely,Sometimes,5,Sometimes,4,4,Customer service,Customer service responsiveness,797322,1,4,Occasional Shopper,2
2023/06/09 9:35:57 AM GMT+5:30,15,Others,Once a month,Clothing and Fashion;Home and Kitchen,Few times a month,Unknown,First page,3,Maybe,Often,Found a better price elsewhere,Sometimes,No,Never,No,4,Yes,5,3,User-friendly website/app interface,better app interface and lower shipping charges,252740,2,4,Occasional Shopper,2
2023/06/09 9:33:35 AM GMT+5:30,7,Others,Multiple times a week,others,Multiple times a day,Unknown,First page,3,Yes,Often,Changed my mind or no longer need the item,Rarely,Yes,Rarely,Sometimes,5,Yes,5,5,Quick delivery,Shipping speed and reliability,785442,5,4,Frequent Shopper,0
2023/06/08 5:15:27 PM GMT+5:30,48,Male,Multiple times a week,Groceries and Gourmet Food;Beauty and Personal Care;Clothing and Fashion,Few times a week,others,First page,5,Maybe,Often,Found a better price elsewhere,Sometimes,Yes,Heavily,Sometimes,3,Sometimes,5,5,Competitive prices,Nothing,769031,5,4,Frequent Shopper,0
2023/06/09 8:10:05 AM GMT+5:30,15,Female,Few times a month,Beauty and Personal Care;Clothing and Fashion,Few times a week,categories,First page,4,Yes,Often,others,Never,Yes,Never,Sometimes,3,No,4,5,Customer service,I have no problem with Amazon yet. But others tell me about the refund issues,397056,3,4,Occasional Shopper,0
2023/06/07 11:41:56 AM GMT+5:30,58,Male,Once a week,Groceries and Gourmet Food;Clothing and Fashion;others,Rarely,categories,Multiple pages,4,Yes,Always,Changed my mind or no longer need the item,Always,Yes,Rarely,Sometimes,3,No,4,2,Product recommendations,Shipping speed and reliability,757928,4,5,Occasional Shopper,3
2023/06/08 5:27:22 PM GMT+5:30,31,Female,Once a month,Groceries and Gourmet Food;Beauty and Personal Care;Clothing and Fashion;Home and Kitchen,Multiple times a day,Unknown,Multiple pages,1,No,Rarely,others,Sometimes,Yes,Never,Yes,3,Sometimes,4,4,Competitive prices,.,542620,2,2,Occasional Shopper,2
2023/06/04 8:00:11 PM GMT+5:30,60,Others,Once a week,Clothing and Fashion;Home and Kitchen;others,Few times a week,others,First page,4,Yes,Sometimes,Found a better price elsewhere,Often,No,Never,No,4,Sometimes,3,4,Customer service,I have no problem with Amazon yet. But others tell me about the refund issues,701440,4,3,Frequent Shopper,0
2023/06/09 2:51:07 PM GMT+5:30,51,Prefer not to say,Less than once a month,Groceries and Gourmet Food;Beauty and Personal Care;Clothing and Fashion;Home and Kitchen;others,Few times a month,Keyword,First page,5,Yes,Rarely,High shipping costs,Always,Yes,Rarely,No,1,Sometimes,3,3,Quick delivery,I don't have any problem with Amazon,119213,1,2,Occasional Shopper,2
2023/06/08 5:35:01 PM GMT+5:30,56,Male,Multiple times a week,Clothing and Fashion;Home and Kitchen;others,Few times a week,Keyword,Multiple pages,3,No,Often,Found a better price elsewhere,Always,No,Moderately,No,3,Sometimes,3,3,.,No problems with Amazon,774345,5,4,Occasional Shopper,3
2023/06/08 3:23:58 AM GMT+5:30,28,Male,Less than once a month,Groceries and Gourmet Food;Beauty and Personal Care;Clothing and Fashion;Home and Kitchen,Few times a month,categories,First page,3,Yes,Rarely,Found a better price elsewhere,Rarely,No,Rarely,Yes,1,No,2,4,All the above,Customer service responsiveness,133335,1,2,Occasional Shopper,2
2023/06/06 8:56:17 PM GMT+5:30,10,Prefer not to say,Less than once a month,Groceries and Gourmet Food;Beauty and Personal Care;Clothing and Fashion;Home and Kitchen;others,Few times a week,others,Multiple pages,5,No,Sometimes,Found a better price elsewhere,Rarely,No,Never,Sometimes,2,Sometimes,5,2,Customer service,Shipping speed and reliability,886529,1,3,Occasional Shopper,1
2023/06/11 11:15:03 PM GMT+5:30,11,Female,Less than once a month,Groceries and Gourmet Food;Beauty and Personal Care;Clothing and Fashion;Home and Kitchen,Rarely,others,Multiple pages,5,No,Always,others,Never,Yes,Moderately,No,5,No,4,4,.,I don't have any problem with Amazon,362553,1,5,Occasional Shopper,2
2023/06/06 6:38:45 PM GMT+5:30,44,Female,Once a week,Beauty and Personal Care;Clothing and Fashion;Home and Kitchen,Multiple times a day,Keyword,First page,2,No,Never,High shipping costs,Sometimes,Yes,Never,No,3,Yes,2,4,Competitive prices,Nil,371416,4,1,Frequent Shopper,0
2023/06/09 10:23:05 AM GMT+5:30,54,Male,Few times a month,Home and Kitchen;others,Few times a month,Keyword,First page,1,Maybe,Always,High shipping costs,Sometimes,Yes,Moderately,No,2,Sometimes,4,4,.,.,738929,3,5,Occasional Shopper,0
2023/06/11 11:20:18 PM GMT+5:30,40,Others,Less than once a month,Beauty and Personal Care;Clothing and Fashion,Few times a month,Filter,Multiple pages,4,Yes,Always,High shipping costs,Sometimes,No,Heavily,No,4,Yes,3,2,Quick delivery,Shipping speed and reliability,608249,1,5,Occasional Shopper,1
2023/06/10 2:41:51 PM GMT+5:30,52,Prefer not to say,Multiple times a week,Groceries and Gourmet Food;Beauty and Personal Care;Clothing and Fashion;Home and Kitchen;others,Few times a week,others,First page,2,No,Always,Found a better price elsewhere,Always,Yes,Heavily,Sometimes,5,Sometimes,2,5,Wide product selection,better app interface and lower shipping charges,749594,5,5,Frequent Shopper,0
2023/06/04 10:37:00 PM GMT+5:30,13,Female,Once a week,Groceries and Gourmet Food;Beauty and Personal Care;Clothing and Fashion;Home and Kitchen,Few times a week,others,First page,5,No,Rarely,Changed my mind or no longer need the item,Sometimes,Yes,Moderately,No,1,No,3,2,Customer service,.,613645,4,2,Occasional Shopper,3
2023/06/08 8:26:58 PM GMT+5:30,20,Female,Few times a month,Clothing and Fashion;Home and Kitchen;others,Few times a month,Unknown,Multiple pages,1,Yes,Often,High shipping costs,Always,No,Occasionally,No,5,Sometimes,5,3,Customer service,UI,742772,3,4,Occasional Shopper,0
2023/06/07 10:10:26 PM GMT+5:30,15,Others,Once a month,Groceries and Gourmet Food;Beauty and Personal Care;Home and Kitchen,Few times a week,others,Multiple pages,3,Yes,Never,others,Rarely,Yes,Rarely,Yes,2,Sometimes,1,5,Quick delivery,No problems with Amazon,263120,2,1,Occasional Shopper,2
2023/06/08 3:24:37 AM GMT+5:30,17,Prefer not to say,Less than once a month,Groceries and Gourmet Food;Beauty and Personal Care,Few times a week,Keyword,Multiple pages,5,No,Always,Changed my mind or no longer need the item,Never,No,Never,No,4,Sometimes,1,2,Wide product selection,Irrelevant product suggestions,772342,1,5,Occasional Shopper,1
2023/06/07 6:20:53 PM GMT+5:30,27,Male,Once a week,Groceries and Gourmet Food;Beauty and Personal Care;Clothing and Fashion;Home and Kitchen,Multiple times a day,Unknown,Multiple pages,5,Maybe,Never,others,Always,Yes,Heavily,Yes,1,No,3,1,Customer service,User interface of app,217285,4,1,At Risk,3
2023/06/07 2:19:05 PM GMT+5:30,10,Prefer not to say,Once a month,Groceries and Gourmet Food;Clothing and Fashion;Home and Kitchen;others,Few times a week,others,Multiple pages,4,No,Always,High shipping costs,Always,Yes,Never,Yes,5,No,4,3,.,Nothing,429736,2,5,Occasional Shopper,2
2023/06/08 10:40:33 PM GMT+5:30,57,Prefer not to say,Multiple times a week,Groceries and Gourmet Food;Beauty and Personal Care,Multiple times a day,categories,Multiple pages,5,Yes,Never,Changed my mind or no longer need the item,Rarely,Yes,Moderately,Yes,4,Sometimes,4,3,Wide product selection,Quality of product is very poor according to the big offers,703143,5,1,Occasional Shopper,3
2023/06/05 1:35:41 PM GMT+5:30,51,Others,Less than once a month,Groceries and Gourmet Food;Clothing and Fashion;Home and Kitchen,Multiple times a day,Filter,Multiple pages,1,Yes,Often,High shipping costs,Rarely,No,Moderately,No,4,Yes,5,5,Wide product selection,Scrolling option would be much better than going to next page,226150,1,4,Occasional Shopper,2
2023/06/06 2:07:12 PM GMT+5:30,30,Prefer not to say,Once a week,Beauty and Personal Care;Clothing and Fashion;others,Multiple times a day,Unknown,First page,2,No,Often,others,Always,Yes,Moderately,Yes,2,Yes,4,5,User-friendly website/app interface,Customer service responsiveness,686637,4,4,Frequent Shopper,0
2023/06/08 3:28:23 AM GMT+5:30,54,Prefer not to say,Once a month,Beauty and Personal Care;Clothing and Fashion;others,Rarely,others,Multiple pages,4,Maybe,Often,High shipping costs,Rarely,No,Occasionally,Sometimes,5,Yes,4,5,User-friendly website/app interface,Nil,724960,2,4,Occasional Shopper,2
2023/06/05 4:26:25 AM GMT+5:30,62,Prefer not to say,Less than once a month,Groceries and Gourmet Food;Beauty and Personal Care;Clothing and Fashion;Home and Kitchen,Rarely,Keyword,Multiple pages,1,No,Never,High shipping costs,Never,No,Occasionally,Sometimes,5,Sometimes,4,3,User-friendly website/app interface,Customer service responsiveness,415270,1,1,Occasional Shopper,2
2023/06/12 3:52:33 PM GMT+5:30,39,Male,Once a week,Beauty and Personal Care;Clothing and Fashion,Rarely,Keyword,First page,3,Yes,Rarely,Found a better price elsewhere,Always,Yes,Occasionally,Sometimes,3,No,3,4,User-friendly website/app interface,I have no problem with Amazon yet. But others tell me about the refund issues,133139,4,2,Frequent Shopper,0
2023/06/04 9:22:58 PM GMT+5:30,29,Male,Less than once a month,Beauty and Personal Care,Few times a month,Unknown,Multiple pages,3,No,Always,Found a better price elsewhere,Never,Yes,Rarely,Yes,1,No,5,4,All the above,User interface of app,802518,1,5,Occasional Shopper,2
2023/06/12 2:41:06 PM GMT+5:30,16,Male,Once a month,Clothing and Fashion;others,Few times a week,others,First page,3,No,Always,High shipping costs,Always,No,Rarely,Sometimes,3,No,4,3,Product recommendations,better app interface and lower shipping charges,659706,2,5,Occasional Shopper,2
2023/06/09 2:36:46 PM GMT+5:30,25,Prefer not to say,Less than once a month,Groceries and Gourmet Food;Beauty and Personal Care,Few times a week,Filter,Multiple pages,1,Maybe,Never,others,Sometimes,Yes,Moderately,Sometimes,4,Yes,1,2,Wide product selection,I don't have any problem with Amazon,979289,1,1,Occasional Shopper,1
2023/06/08 10:24:19 PM GMT+5:30,48,Male,Few times a month,Beauty and Personal Care;others,Rarely,Keyword,Multiple pages,1,No,Always,others,Rarely,Yes,Rarely,Yes,4,Sometimes,2,1,Wide product selection,No problems with Amazon,922302,3,5,Occasional Shopper,1
2023/06/08 5:58:03 PM GMT+5:30,19,Prefer not to say,Multiple times a week,Beauty and Personal Care;Clothing and Fashion;others,Few times a month,categories,First page,4,No,Often,High shipping costs,Never,Yes,Rarely,Yes,2,Yes,4,2,All the above,Quality of product is very poor according to the big offers,956573,5,4,Occasional Shopper,3
2023/06/04 10:13:28 PM GMT+5:30,9,Others,Once a month,Clothing and Fashion;Home and Kitchen,Rarely,Keyword,First page,2,Yes,Never,Changed my mind or no longer need the item,Sometimes,Yes,Heavily,Sometimes,2,No,1,1,All the above,Quality of product is very poor according to the big offers,588218,2,1,At Risk,1
2023/06/07 6:18:37 PM GMT+5:30,62,Female,Less than once a month,Beauty and Personal Care,Rarely,Unknown,Multiple pages,2,No,Often,Found a better price elsewhere,Never,Yes,Moderately,No,5,No,5,5,User-friendly website/app interface,No problems with Amazon,198427,1,4,Occasional Shopper,2
2023/06/08 7:50:55 PM GMT+5:30,66,Female,Less than once a month,Groceries and Gourmet Food;Beauty and Personal Care;Clothing and Fashion;Home and Kitchen;others,Rarely,Unknown,First page,3,Yes,Rarely,others,Rarely,Yes,Rarely,Yes,3,Sometimes,2,5,Wide product selection,Scrolling option would be much better than going to next page,568699,1,2,Occasional Shopper,2
2023/06/11 11:16:18 PM GMT+5:30,32,Others,Less than once a month,Beauty and Personal Care;Clothing and Fashion;others,Rarely,Unknown,First page,5,Maybe,Often,others,Rarely,Yes,Heavily,Sometimes,2,Yes,1,5,Competitive prices,Scrolling option would be much better than going to next page,650309,1,4,Occasional Shopper,2
2023/06/05 12:02:56 AM GMT+5:30,13,Male,Once a month,Clothing and Fashion;Home and Kitchen;others,Rarely,categories,First page,5,No,Rarely,Changed my mind or no longer need the item,Rarely,No,Heavily,Sometimes,1,Sometimes,3,4,Customer service,I don't have any problem with Amazon,513993,2,2,Occasional Shopper,2
2023/06/08 9:54:40 AM GMT+5:30,34,Others,Once a week,others,Few times a week,Filter,First page,2,No,Rarely,Found a better price elsewhere,Sometimes,No,Occasionally,Sometimes,4,Yes,3,2,Customer service,No problems with Amazon,583356,4,2,Occasional Shopper,3
2023/06/09 2:44:09 PM GMT+5:30,37,Female,Multiple times a week,Groceries and Gourmet Food;Beauty and Personal Care;Clothing and Fashion;Home and Kitchen;others,Few times a month,Keyword,First page,5,Maybe,Never,Changed my mind or no longer need the item,Never,No,Rarely,Sometimes,5,Sometimes,1,1,Customer service,Irrelevant product suggestions,902965,5,1,At Risk,3
2023/06/07 10:42:24 PM GMT+5:30,8,Female,Few times a month,Groceries and Gourmet Food;Home and Kitchen;others,Few times a month,categories,Multiple pages,5,Maybe,Always,Found a better price elsewhere,Often,Yes,Never,Yes,2,Yes,2,4,Wide product selection,Product quality and accuracy,106395,3,5,Occasional Shopper,0
2023/06/09 3:26:38 PM GMT+5:30,61,Others,Less than once a month,Beauty and Personal Care;Home and Kitchen,Rarely,others,First page,2,No,Never,others,Sometimes,Yes,Never,Sometimes,1,No,2,3,User-friendly website/app interface,Nil,484801,1,1,Occasional Shopper,2
2023/06/06 7:02:21 PM GMT+5:30,41,Female,Once a month,Groceries and Gourmet Food;Clothing and Fashion;Home and Kitchen,Few times a week,others,Multiple pages,3,Yes,Always,Found a better price elsewhere,Never,No,Moderately,No,4,Sometimes,5,3,Customer service,better app interface and lower shipping charges,103862,2,5,Occasional Shopper,2
2023/06/04 8:20:42 PM GMT+5:30,17,Prefer not to say,Once a month,Beauty and Personal Care;Clothing and Fashion;Home and Kitchen,Few times a week,Unknown,Multiple pages,2,No,Often,others,Never,No,Occasionally,No,1,No,3,2,User-friendly website/app interface,User interface,497649,2,4,Occasional Shopper,1
2023/06/09 9:33:35 AM GMT+5:30,29,Male,Once a month,Beauty and Personal Care;Home and Kitchen;others,Few times a week,categories,Multiple pages,1,Yes,Often,High shipping costs,Never,No,Moderately,Sometimes,4,Yes,3,1,Quick delivery,Shipping speed and reliability,383484,2,4,Occasional Shopper,1
2023/06/09 4:32:00 PM GMT+5:30,47,Female,Few times a month,Groceries and Gourmet Food;Beauty and Personal Care,Few times a week,Keyword,First page,4,Maybe,Rarely,High shipping costs,Always,Yes,Moderately,No,4,No,3,3,.,I don't have any problem with Amazon,496077,3,2,Occasional Shopper,0
2023/06/04 7:13:12 PM GMT+5:30,58,Others,Few times a month,Beauty and Personal Care;Clothing and Fashion;Home and Kitchen;others,Few times a month,Filter,First page,5,No,Sometimes,High shipping costs,Sometimes,No,Moderately,Yes,3,No,2,2,User-friendly website/app interface,No problems with Amazon,453417,3,3,Occasional Shopper,1
2023/06/04 6:31:41 PM GMT+5:30,24,Male,Once a week,Clothing and Fashion;others,Multiple times a day,Unknown,Multiple pages,3,No,Often,Changed my mind or no longer need the item,Often,No,Occasionally,Sometimes,5,No,4,5,User-friendly website/app interface,Shipping speed and reliability,506728,4,4,Frequent Shopper,0
2023/06/06 6:48:26 PM GMT+5:30,8,Prefer not to say,Less than once a month,Clothing and Fashion;others,Multiple times a day,Filter,First page,4,Maybe,Rarely,High shipping costs,Rarely,Yes,Rarely,Sometimes,1,Sometimes,1,3,All the above,Nil,443585,1,2,Occasional Shopper,2
2023/06/11 10:44:01 PM GMT+5:30,59,Female,Few times a month,Groceries and Gourmet Food;Beauty and Personal Care;Clothing and Fashion;others,Rarely,Keyword,First page,2,Maybe,Often,High shipping costs,Sometimes,Yes,Never,No,4,No,5,1,Customer service,I have no problem with Amazon yet. But others tell me about the refund issues,293476,3,4,Occasional Shopper,1
2023/06/07 12:30:22 PM GMT+5:30,62,Female,Once a week,Clothing and Fashion;Home and Kitchen,Multiple times a day,Unknown,First page,1,Yes,Often,others,Sometimes,Yes,Never,Yes,3,Sometimes,1,5,Quick delivery,Nil,782080,4,4,Frequent Shopper,0
2023/06/11 10:58:52 PM GMT+5:30,33,Male,Once a week,Groceries and Gourmet Food,Multiple times a day,Keyword,Multiple pages,1,No,Often,Found a better price elsewhere,Rarely,Yes,Rarely,No,3,No,2,3,.,I have no problem with Amazon yet. But others tell me about the refund issues,688840,4,4,Occasional Shopper,0
2023/06/08 9:39:30 PM GMT+5:30,14,Female,Less than once a month,Groceries and Gourmet Food;Beauty and Personal Care;Clothing and Fashion,Few times a week,Unknown,First page,3,No,Always,Changed my mind or no longer need the item,Always,No,Occasionally,No,2,No,1,4,All the above,Quality of product is very poor according to the big offers,480923,1,5,Occasional Shopper,2
2023/06/10 2:40:34 PM GMT+5:30,35,Others,Few times a month,Clothing and Fashion,Few times a month,Filter,Multiple pages,1,Maybe,Sometimes,Changed my mind or no longer need the item,Never,No,Occasionally,Sometimes,3,No,5,5,Product recommendations,Quality of product is very poor according to the big offers,122342,3,3,Occasional Shopper,0
2023/06/05 2:21:37 PM GMT+5:30,27,Others,Once a month,Clothing and Fashion,Few times a month,categories,First page,5,Yes,Never,Changed my mind or no longer need the item,Sometimes,Yes,Moderately,Sometimes,1,No,2,3,Competitive prices,No problems with Amazon,545823,2,1,Occasional Shopper,2
2023/06/09 9:37:15 AM GMT+5:30,60,Female,Once a month,Groceries and Gourmet Food;Beauty and Personal Care;Clothing and Fashion;others,Rarely,Unknown,First page,4,No,Sometimes,Found a better price elsewhere,Often,Yes,Never,Sometimes,2,No,4,1,Quick delivery,Scrolling option would be much better than going to next page,996127,2,3,Occasional Shopper,1
2023/06/06 6:44:50 PM GMT+5:30,27,Prefer not to say,Few times a month,Beauty and Personal Care;Clothing and Fashion;others,Few times a week,Keyword,Multiple pages,1,Yes,Sometimes,High shipping costs,Always,Yes,Rarely,Sometimes,2,Sometimes,5,2,User-friendly website/app interface,Reducing packaging waste,774794,3,3,Occasional Shopper,1
2023/06/07 10:44:42 PM GMT+5:30,60,Prefer not to say,Once a month,Home and Kitchen,Few times a month,categories,First page,1,No,Rarely,Found a better price elsewhere,Never,No,Never,No,4,Sometimes,2,1,Quick delivery,UI,761409,2,2,Occasional Shopper,1
2023/06/07 12:13:39 PM GMT+5:30,54,Female,Once a month,Clothing and Fashion,Few times a week,Keyword,Multiple pages,2,Maybe,Always,others,Never,No,Moderately,No,5,Sometimes,2,4,Wide product selection,Add more familiar brands to the list,166620,2,5,Occasional Shopper,2
2023/06/12 4:02:53 PM GMT+5:30,60,Male,Few times a month,Groceries and Gourmet Food;Home and Kitchen;others,Few times a month,others,First page,1,No,Always,High shipping costs,Always,Yes,Never,Sometimes,3,Sometimes,4,3,Quick delivery,Quality of product is very poor according to the big offers,543596,3,5,Occasional Shopper,0
2023/06/07 2:23:02 PM GMT+5:30,40,Female,Once a month,Clothing and Fashion;Home and Kitchen;others,Few times a month,Keyword,Multiple pages,3,Maybe,Never,Found a better price elsewhere,Often,Yes,Never,Yes,5,Yes,5,1,Competitive prices,I don't have any problem with Amazon,407279,2,1,At Risk,1
2023/06/09 3:07:36 PM GMT+5:30,48,Prefer not to say,Once a month,Clothing and Fashion,Few times a week,Unknown,First page,5,No,Sometimes,High shipping costs,Rarely,Yes,Heavily,No,4,Yes,5,5,Product recommendations,Shipping speed and reliability,959377,2,3,Occasional Shopper,2
2023/06/07 9:22:24 PM GMT+5:30,49,Prefer not to say,Few times a month,Beauty and Personal Care;Home and Kitchen,Rarely,Unknown,Multiple pages,2,Yes,Never,others,Rarely,No,Occasionally,Sometimes,2,No,2,5,Product recommendations,Nothing,985211,3,1,Occasional Shopper,0
2023/06/05 8:06:04 PM GMT+5:30,39,Female,Multiple times a week,Beauty and Personal Care;Home and Kitchen;others,Rarely,Keyword,Multiple pages,5,Yes,Always,Found a better price elsewhere,Sometimes,No,Rarely,No,3,No,4,4,Customer service,Shipping speed and reliability,166134,5,5,Frequent Shopper,0
2023/06/04 8:02:28 PM GMT+5:30,53,Female,Once a week,Groceries and Gourmet Food;Beauty and Personal Care,Rarely,Keyword,Multiple pages,4,No,Always,High shipping costs,Rarely,No,Never,Yes,4,No,2,4,User-friendly website/app interface,I have no problem with Amazon yet. But others tell me about the refund issues,809793,4,5,Frequent Shopper,0
2023/06/08 5:43:45 PM GMT+5:30,43,Female,Multiple times a week,others,Few times a week,Unknown,Multiple pages,5,Yes,Rarely,High shipping costs,Never,Yes,Heavily,No,4,Yes,1,1,Customer service,Irrelevant product suggestions,923406,5,2,Occasional Shopper,3
2023/06/05 9:20:17 AM GMT+5:30,20,Others,Multiple times a week,Beauty and Personal Care;others,Few times a month,categories,First page,3,Maybe,Often,High shipping costs,Sometimes,Yes,Rarely,Sometimes,3,No,5,3,Quick delivery,Quality of product is very poor according to the big offers,599457,5,4,Occasional Shopper,3
2023/06/08 6:00:20 PM GMT+5:30,61,Others,Few times a month,Groceries and Gourmet Food;Beauty and Personal Care;Home and Kitchen,Few times a month,Keyword,Multiple pages,3,No,Always,High shipping costs,Rarely,No,Moderately,Sometimes,3,No,4,1,Customer service,Nothing,608542,3,5,Occasional Shopper,1
2023/06/04 2:30:44 PM GMT+5:30,50,Male,Multiple times a week,Beauty and Personal Care;Clothing and Fashion;Home and Kitchen,Few times a month,categories,First page,3,No,Often,others,Always,Yes,Occasionally,Sometimes,2,Sometimes,3,4,Product recommendations,Nothing,133581,5,4,Frequent Shopper,0
2023/06/11 11:22:55 PM GMT+5:30,14,Male,Once a week,Groceries and Gourmet Food,Multiple times a day,Filter,First page,2,Yes,Sometimes,others,Rarely,Yes,Occasionally,Sometimes,4,No,3,3,.,I don't have any problem with Amazon,535991,4,3,Occasional Shopper,0
2023/06/11 10:44:46 PM GMT+5:30,60,Female,Once a week,Groceries and Gourmet Food;Home and Kitchen,Few times a week,Unknown,First page,4,No,Never,High shipping costs,Often,Yes,Occasionally,No,3,Yes,2,5,.,Scrolling option would be much better than going to next page,951696,4,1,Frequent Shopper,0
2023/06/06 4:25:49 PM GMT+5:30,60,Others,Once a month,Groceries and Gourmet Food;Beauty and Personal Care;others,Multiple times a day,Keyword,First page,4,Maybe,Often,Changed my mind or no longer need the item,Often,Yes,Moderately,No,1,No,5,1,Product recommendations,Customer service responsiveness,647416,2,4,Occasional Shopper,1
2023/06/04 9:40:54 PM GMT+5:30,64,Female,Multiple times a week,Home and Kitchen;others,Multiple times a day,Keyword,Multiple pages,4,Yes,Often,High shipping costs,Often,No,Occasionally,Yes,5,Sometimes,2,1,All the above,I have no problem with Amazon yet. But others tell me about the refund issues,762146,5,4,Occasional Shopper,3
2023/06/12 3:40:25 PM GMT+5:30,44,Prefer not to say,Multiple times a week,Groceries and Gourmet Food;Beauty and Personal Care;Home and Kitchen,Rarely,Filter,First page,5,Yes,Sometimes,High shipping costs,Sometimes,No,Never,No,1,Sometimes,5,2,Quick delivery,Irrelevant product suggestions,278543,5,3,Occasional Shopper,3
2023/06/08 5:55:54 PM GMT+5:30,66,Female,Less than once a month,Beauty and Personal Care;Clothing and Fashion;others,Multiple times a day,Unknown,Multiple pages,4,No,Never,Changed my mind or no longer need the item,Often,No,Rarely,No,1,Yes,2,2,Wide product selection,Quality of product is very poor according to the big offers,676990,1,1,Occasional Shopper,1
2023/06/04 8:46:02 PM GMT+5:30,48,Female,Multiple times a week,Beauty and Personal Care;Clothing and Fashion;Home and Kitchen,Few times a week,Filter,First page,1,No,Always,Found a better price elsewhere,Never,No,Moderately,No,3,Yes,1,3,Wide product selection,Scrolling option would be much better than going to next page,683010,5,5,Occasional Shopper,3
2023/06/05 10:05:25 PM GMT+5:30,60,Others,Once a week,Groceries and Gourmet Food;Beauty and Personal Care;others,Few times a month,categories,First page,3,No,Always,others,Sometimes,No,Moderately,No,3,No,1,4,Competitive prices,No problems with Amazon,222573,4,5,Frequent Shopper,0
2023/06/08 5:19:56 PM GMT+5:30,65,Female,Less than once a month,Clothing and Fashion;Home and Kitchen,Rarely,others,First page,3,Maybe,Rarely,Changed my mind or no longer need the item,Always,No,Never,Yes,3,Yes,5,3,Quick delivery,Shipping speed and reliability,552844,1,2,Occasional Shopper,2
2023/06/07 10:07:42 PM GMT+5:30,19,Others,Few times a month,Clothing and Fashion;Home and Kitchen,Few times a week,categories,First page,1,Yes,Sometimes,High shipping costs,Often,Yes,Heavily,Sometimes,5,No,5,4,Customer service,I don't have any problem with Amazon,320886,3,3,Occasional Shopper,0
2023/06/08 5:28:09 PM GMT+5:30,10,Female,Less than once a month,Clothing and Fashion;Home and Kitchen;others,Rarely,Unknown,Multiple pages,1,No,Always,others,Never,No,Heavily,Sometimes,4,Sometimes,1,1,Quick delivery,Reducing packaging waste,767483,1,5,Occasional Shopper,1
2023/06/05 8:52:01 PM GMT+5:30,46,Prefer not to say,Less than once a month,Groceries and Gourmet Food;Beauty and Personal Care;Clothing and Fashion;Home and Kitchen;others,Few times a week,Filter,Multiple pages,3,Yes,Rarely,Changed my mind or no longer need the item,Rarely,No,Never,No,3,No,1,2,User-friendly website/app interface,User interface,801340,1,2,Occasional Shopper,1
2023/06/12 3:53:28 PM GMT+5:30,22,Male,Less than once a month,Beauty and Personal Care;others,Multiple times a day,Filter,First page,4,Maybe,Rarely,Changed my mind or no longer need the item,Often,Yes,Moderately,Yes,5,No,4,1,Quick delivery,Irrelevant product suggestions,262036,1,2,Occasional Shopper,1
2023/06/04 9:48:15 PM GMT+5:30,63,Female,Less than once a month,Beauty and Personal Care;Clothing and Fashion;Home and Kitchen;others,Few times a month,others,Multiple pages,2,Maybe,Never,Found a better price elsewhere,Always,Yes,Moderately,Yes,1,Yes,4,2,User-friendly website/app interface,I don't have any problem with Amazon,450474,1,1,Occasional Shopper,1
2023/06/06 6:42:00 PM GMT+5:30,60,Others,Few times a month,Beauty and Personal Care;Clothing and Fashion,Few times a week,others,First page,5,Maybe,Always,Changed my mind or no longer need the item,Always,Yes,Rarely,No,5,No,4,1,.,Product quality and accuracy,895541,3,5,Occasional Shopper,1
2023/06/05 1:27:08 PM GMT+5:30,18,Male,Few times a month,Groceries and Gourmet Food;Beauty and Personal Care;Clothing and Fashion;others,Multiple times a day,Unknown,First page,5,No,Never,others,Rarely,Yes,Occasionally,Yes,3,No,3,3,Customer service,Product quality and accuracy,521709,3,1,Occasional Shopper,0
2023/06/06 7:15:48 PM GMT+5:30,41,Prefer not to say,Less than once a month,Beauty and Personal Care,Few times a week,Filter,Multiple pages,2,Maybe,Often,others,Rarely,Yes,Heavily,Yes,2,Sometimes,4,3,Competitive prices,User interface of app,364684,1,4,Occasional Shopper,2
2023/06/07 9:16:59 PM GMT+5:30,63,Others,Once a month,Beauty and Personal Care;Clothing and Fashion;Home and Kitchen,Few times a week,Keyword,Multiple pages,2,Yes,Never,Changed my mind or no longer need the item,Often,No,Occasionally,Sometimes,5,No,4,3,Quick delivery,Scrolling option would be much better than going to next page,356354,2,1,Occasional Shopper,2
2023/06/06 11:06:30 PM GMT+5:30,15,Prefer not to say,Multiple times a week,Groceries and Gourmet Food;Clothing and Fashion;others,Rarely,categories,Multiple pages,5,No,Always,High shipping costs,Rarely,No,Heavily,Sometimes,2,Yes,5,5,Customer service,Scrolling option would be much better than going to next page,164418,5,5,Frequent Shopper,0
2023/06/05 1:35:41 PM GMT+5:30,49,Others,Once a month,Groceries and Gourmet Food;Clothing and Fashion;Home and Kitchen,Rarely,Unknown,First page,3,Maybe,Always,High shipping costs,Sometimes,No,Heavily,No,1,Yes,3,5,Customer service,Add more familiar brands to the list,325818,2,5,Occasional Shopper,2
2023/06/09 4:31:33 PM GMT+5:30,66,Male,Once a week,others,Few times a week,Filter,Multiple pages,3,No,Sometimes,High shipping costs,Often,Yes,Never,Sometimes,2,Sometimes,1,5,User-friendly website/app interface,.,654951,4,3,Frequent Shopper,0
2023/06/06 7:20:35 PM GMT+5:30,61,Prefer not to say,Less than once a month,Beauty and Personal Care;others,Rarely,others,Multiple pages,3,No,Always,Found a better price elsewhere,Always,No,Occasionally,No,4,Yes,3,3,Competitive prices,I have no problem with Amazon yet. But others tell me about the refund issues,930648,1,5,Occasional Shopper,2
2023/06/11 10:44:01 PM GMT+5:30,10,Others,Once a week,Groceries and Gourmet Food;Beauty and Personal Care,Rarely,Filter,First page,2,Yes,Always,High shipping costs,Rarely,No,Heavily,No,2,Sometimes,5,2,Customer service,User interface,944557,4,5,Occasional Shopper,3
2023/06/08 5:36:14 PM GMT+5:30,61,Prefer not to say,Multiple times a week,Groceries and Gourmet Food;Home and Kitchen,Few times a month,Filter,First page,2,Maybe,Sometimes,others,Sometimes,Yes,Heavily,No,3,Yes,4,1,Customer service,better app interface and lower shipping charges,134506,5,3,Occasional Shopper,3
2023/06/09 2:43:37 PM GMT+5:30,44,Others,Few times a month,Groceries and Gourmet Food;Beauty and Personal Care;Clothing and Fashion;Home and Kitchen;others,Rarely,Keyword,First page,3,Yes,Sometimes,High shipping costs,Always,Yes,Rarely,Sometimes,2,Sometimes,2,1,.,Add more familiar brands to the list,743216,3,3,Occasional Shopper,1
2023/06/07 12:50:13 PM GMT+5:30,53,Prefer not to say,Once a month,Groceries and Gourmet Food;Clothing and Fashion;Home and Kitchen;others,Multiple times a day,Unknown,First page,4,Maybe,Sometimes,others,Often,No,Heavily,No,1,Sometimes,3,5,Customer service,better app interface and lower shipping charges,852261,2,3,Occasional Shopper,2
2023/06/07 8:41:53 PM GMT+5:30,64,Prefer not to say,Once a week,Groceries and Gourmet Food;Home and Kitchen,Few times a week,Filter,Multiple pages,3,Maybe,Always,High shipping costs,Sometimes,No,Moderately,No,5,Sometimes,2,2,Wide product selection,Scrolling option would be much better than going to next page,874514,4,5,Occasional Shopper,3
2023/06/09 12:22:47 PM GMT+5:30,6,Others,Few times a month,Groceries and Gourmet Food;Beauty and Personal Care;Home and Kitchen,Multiple times a day,Filter,Multiple pages,4,Maybe,Rarely,others,Sometimes,Yes,Heavily,No,2,Sometimes,2,5,Wide product selection,User interface of app,881216,3,2,Occasional Shopper,0
2023/06/11 11:19:12 PM GMT+5:30,39,Male,Few times a month,Groceries and Gourmet Food;Beauty and Personal Care;others,Rarely,categories,First page,4,Maybe,Rarely,others,Sometimes,No,Never,Yes,4,Yes,2,3,Customer service,I have no problem with Amazon yet. But others tell me about the refund issues,527877,3,2,Occasional Shopper,0
2023/06/08 5:35:25 PM GMT+5:30,61,Male,Once a month,Clothing and Fashion,Multiple times a day,Unknown,First page,4,Yes,Often,others,Always,Yes,Rarely,Sometimes,3,Sometimes,2,1,All the above,Quality of product is very poor according to the big offers,720486,2,4,Occasional Shopper,1
2023/06/04 8:46:02 PM GMT+5:30,17,Male,Few times a month,Beauty and Personal Care;Home and Kitchen;others,Few times a week,categories,Multiple pages,5,No,Always,others,Never,No,Occasionally,Sometimes,3,Yes,4,1,Wide product selection,User interface,222665,3,5,Occasional Shopper,1
2023/06/04 11:24:41 PM GMT+5:30,20,Prefer not to say,Once a month,Groceries and Gourmet Food;Beauty and Personal Care;Clothing and Fashion;Home and Kitchen;others,Few times a week,Keyword,First page,3,Yes,Rarely,Changed my mind or no longer need the item,Sometimes,Yes,Heavily,Sometimes,2,Sometimes,3,1,Wide product selection,Customer service responsiveness,788596,2,2,Occasional Shopper,1
2023/06/08 5:35:25 PM GMT+5:30,25,Others,Less than once a month,Beauty and Personal Care;Home and Kitchen,Few times a week,Keyword,Multiple pages,3,Maybe,Often,Changed my mind or no longer need the item,Often,Yes,Heavily,Yes,1,Sometimes,1,5,All the above,Add more familiar brands to the list,519655,1,4,Occasional Shopper,2
2023/06/08 5:30:12 PM GMT+5:30,29,Female,Less than once a month,Groceries and Gourmet Food;Beauty and Personal Care;Clothing and Fashion;others,Few times a month,others,Multiple pages,5,Yes,Never,High shipping costs,Sometimes,No,Never,No,2,Sometimes,3,3,Competitive prices,Nothing,317054,1,1,Occasional Shopper,2
2023/06/09 9:39:04 AM GMT+5:30,3,Prefer not to say,Less than once a month,Groceries and Gourmet Food;Beauty and Personal Care;Clothing and Fashion;Home and Kitchen;others,Rarely,Unknown,Multiple pages,1,Maybe,Often,Found a better price elsewhere,Rarely,Yes,Rarely,No,5,Yes,1,5,.,I don't have any problem with Amazon,324626,1,4,Occasional Shopper,2
2023/06/09 10:26:01 AM GMT+5:30,34,Others,Once a month,Beauty and Personal Care;Clothing and Fashion,Multiple times a day,Keyword,Multiple pages,2,No,Rarely,others,Rarely,No,Never,Sometimes,4,Yes,4,4,Quick delivery,Quality of product is very poor according to the big offers,765145,2,2,Occasional Shopper,2
2023/06/12 3:59:10 PM GMT+5:30,18,Others,Few times a month,Groceries and Gourmet Food;Beauty and Personal Care;Clothing and Fashion;Home and Kitchen;others,Few times a month,others,First page,2,Maybe,Rarely,others,Often,Yes,Occasionally,No,3,Yes,2,3,Wide product selection,Quality of product is very poor according to the big offers,276316,3,2,Occasional Shopper,0
2023/06/08 5:42:23 PM GMT+5:30,50,Male,Few times a month,Groceries and Gourmet Food;Beauty and Personal Care;Clothing and Fashion,Few times a week,Unknown,Multiple pages,3,No,Always,High shipping costs,Sometimes,Yes,Rarely,Yes,2,No,4,3,.,Scrolling option would be much better than going to next page,290115,3,5,Occasional Shopper,0
2023/06/08 5:54:49 PM GMT+5:30,21,Male,Once a week,Groceries and Gourmet Food;Beauty and Personal Care;others,Multiple times a day,categories,First page,3,Yes,Always,Changed my mind or no longer need the item,Rarely,Yes,Occasionally,Sometimes,5,Yes,2,4,.,Add more familiar brands to the list,633295,4,5,Frequent Shopper,0
2023/06/11 9:53:31 AM GMT+5:30,33,Female,Once a week,Clothing and Fashion,Multiple times a day,Unknown,Multiple pages,2,Maybe,Never,Found a better price elsewhere,Often,No,Moderately,Sometimes,3,No,1,5,Customer service,I have no problem with Amazon yet. But others tell me about the refund issues,702519,4,1,Frequent Shopper,0
2023/06/08 5:59:25 PM GMT+5:30,40,Male,Less than once a month,others,Few times a week,Filter,Multiple pages,5,No,Always,others,Sometimes,Yes,Rarely,No,5,Sometimes,4,5,Customer service,Shipping speed and reliability,773120,1,5,Occasional Shopper,2
2023/06/09 2:49:20 PM GMT+5:30,61,Prefer not to say,Few times a month,Home and Kitchen;others,Few times a month,Unknown,Multiple pages,3,Yes,Never,Changed my mind or no longer need the item,Always,No,Heavily,No,2,Yes,4,4,.,I don't have any problem with Amazon,575959,3,1,Occasional Shopper,0
2023/06/11 11:21:30 PM GMT+5:30,66,Female,Once a month,Beauty and Personal Care;Clothing and Fashion;Home and Kitchen;others,Rarely,Keyword,Multiple pages,3,Yes,Rarely,others,Often,No,Moderately,No,3,Sometimes,3,3,All the above,I don't have any problem with Amazon,122316,2,2,Occasional Shopper,2
2023/06/08 5:38:57 PM GMT+5:30,21,Others,Multiple times a week,Clothing and Fashion;others,Few times a week,categories,Multiple pages,2,No,Often,Found a better price elsewhere,Sometimes,Yes,Moderately,No,2,Yes,3,3,User-friendly website/app interface,Irrelevant product suggestions,370501,5,4,Occasional Shopper,3
2023/06/06 6:41:11 PM GMT+5:30,66,Female,Once a week,Groceries and Gourmet Food;Clothing and Fashion,Few times a month,Unknown,Multiple pages,5,Yes,Never,Changed my mind or no longer need the item,Sometimes,Yes,Never,Sometimes,5,Yes,3,5,All the above,Add more familiar brands to the list,860022,4,1,Frequent Shopper,0
2023/06/08 10:38:16 PM GMT+5:30,28,Male,Once a week,Groceries and Gourmet Food;Beauty and Personal Care;Clothing and Fashion,Few times a month,others,Multiple pages,1,No,Never,High shipping costs,Sometimes,Yes,Moderately,No,4,Yes,2,4,Competitive prices,Shipping speed and reliability,916642,4,1,Frequent Shopper,0
2023/06/07 8:41:53 PM GMT+5:30,48,Female,Less than once a month,Groceries and Gourmet Food;Clothing and Fashion;others,Rarely,Keyword,Multiple pages,5,Maybe,Rarely,High shipping costs,Never,Yes,Occasionally,No,3,Yes,1,2,Customer service,Add more familiar brands to the list,249922,1,2,Occasional Shopper,1
2023/06/07 3:08:03 AM GMT+5:30,65,Prefer not to say,Multiple times a week,others,Few times a week,Keyword,First page,1,Yes,Always,High shipping costs,Always,No,Heavily,Yes,2,No,4,2,All the above,Irrelevant product suggestions,635390,5,5,Occasional Shopper,3
2023/06/05 10:04:32 PM GMT+5:30,16,Male,Less than once a month,Beauty and Personal Care;Clothing and Fashion;others,Rarely,Keyword,Multiple pages,3,No,Often,Found a better price elsewhere,Always,No,Never,Yes,1,Yes,4,3,User-friendly website/app interface,Shipping speed and reliability,632726,1,4,Occasional Shopper,2
2023/06/06 9:39:32 AM GMT+5:30,53,Female,Few times a month,Clothing and Fashion;Home and Kitchen;others,Few times a month,Filter,First page,2,Maybe,Often,Found a better price elsewhere,Always,No,Occasionally,Yes,5,Yes,1,4,Wide product selection,Add more familiar brands to the list,381074,3,4,Occasional Shopper,0
2023/06/12 3:33:53 PM GMT+5:30,58,Others,Few times a month,Groceries and Gourmet Food,Multiple times a day,others,Multiple pages,1,No,Rarely,Changed my mind or no longer need the item,Often,No,Occasionally,Yes,2,Yes,5,1,All the above,Add more familiar brands to the list,958643,3,2,Occasional Shopper,1
2023/06/08 5:28:47 PM GMT+5:30,56,Others,Once a week,Groceries and Gourmet Food;Beauty and Personal Care;Clothing and Fashion,Few times a month,others,First page,5,No,Always,Changed my mind or no longer need the item,Often,No,Rarely,Sometimes,4,Sometimes,4,3,.,Quality of product is very poor according to the big offers,684430,4,5,Occasional Shopper,0
2023/06/08 5:42:27 PM GMT+5:30,48,Female,Few times a month,Groceries and Gourmet Food;Beauty and Personal Care;Home and Kitchen,Few times a week,Filter,First page,1,Yes,Sometimes,Changed my mind or no longer need the item,Rarely,Yes,Heavily,Yes,4,No,3,1,User-friendly website/app interface,I have no problem with Amazon yet. But others tell me about the refund issues,911749,3,3,Occasional Shopper,1
2023/06/11 10:57:34 PM GMT+5:30,11,Female,Multiple times a week,Groceries and Gourmet Food;Beauty and Personal Care,Few times a month,Filter,Multiple pages,3,No,Rarely,Changed my mind or no longer need the item,Rarely,No,Occasionally,No,4,No,1,3,Wide product selection,Shipping speed and reliability,279900,5,2,Occasional Shopper,3
2023/06/07 6:30:43 PM GMT+5:30,52,Prefer not to say,Once a month,Groceries and Gourmet Food,Rarely,others,Multiple pages,3,Yes,Rarely,Changed my mind or no longer need the item,Rarely,Yes,Heavily,No,3,Yes,2,5,Customer service,I don't have any problem with Amazon,459410,2,2,Occasional Shopper,2
2023/06/06 7:15:48 PM GMT+5:30,51,Others,Once a month,Home and Kitchen;others,Few times a month,Filter,First page,1,Yes,Never,Found a better price elsewhere,Always,No,Never,Sometimes,4,Yes,5,1,Wide product selection,.,426007,2,1,At Risk,1
2023/06/05 1:35:41 PM GMT+5:30,61,Male,Less than once a month,Groceries and Gourmet Food;Clothing and Fashion;Home and Kitchen,Few times a week,categories,First page,2,Maybe,Always,Changed my mind or no longer need the item,Rarely,Yes,Occasionally,Sometimes,3,No,4,2,Product recommendations,Nothing,810670,1,5,Occasional Shopper,1
2023/06/07 12:29:31 PM GMT+5:30,40,Others,Once a week,Groceries and Gourmet Food;Clothing and Fashion;others,Few times a month,others,First page,5,No,Rarely,others,Never,No,Rarely,Sometimes,3,Yes,4,3,User-friendly website/app interface,Scrolling option would be much better than going to next page,258826,4,2,Occasional Shopper,0
2023/06/06 7:41:36 PM GMT+5:30,15,Prefer not to say,Once a week,Groceries and Gourmet Food;Clothing and Fashion;others,Few times a month,others,Multiple pages,2,No,Rarely,others,Sometimes,No,Occasionally,No,4,Yes,1,4,.,No problems with Amazon,725807,4,2,Frequent Shopper,0
2023/06/09 2:34:43 PM GMT+5:30,33,Male,Few times a month,Clothing and Fashion;others,Few times a week,others,Multiple pages,3,Maybe,Often,Changed my mind or no longer need the item,Often,No,Rarely,No,1,Sometimes,3,3,.,Shipping speed and reliability,615151,3,4,Occasional Shopper,0
2023/06/07 9:19:23 AM GMT+5:30,14,Male,Once a month,Beauty and Personal Care;Clothing and Fashion;others,Multiple times a day,categories,First page,1,Yes,Rarely,High shipping costs,Often,No,Never,Sometimes,1,Sometimes,4,2,User-friendly website/app interface,Add more familiar brands to the list,952769,2,2,Occasional Shopper,1
2023/06/06 9:47:31 AM GMT+5:30,44,Female,Few times a month,Beauty and Personal Care,Multiple times a day,categories,Multiple pages,2,No,Sometimes,Changed my mind or no longer need the item,Never,No,Never,Yes,4,No,2,5,.,Nil,906324,3,3,Occasional Shopper,0
2023/06/08 6:39:59 PM GMT+5:30,58,Female,Multiple times a week,Groceries and Gourmet Food;Beauty and Personal Care;Home and Kitchen,Multiple times a day,Unknown,First page,1,No,Often,others,Never,No,Heavily,No,3,No,1,1,Customer service,Product quality and accuracy,868680,5,4,Occasional Shopper,3
2023/06/09 10:26:26 AM GMT+5:30,31,Male,Once a month,Groceries and Gourmet Food;Beauty and Personal Care,Rarely,Keyword,Multiple pages,2,Yes,Always,others,Never,Yes,Occasionally,Sometimes,3,Yes,1,2,All the above,Reducing packaging waste,102950,2,5,Occasional Shopper,1
2023/06/11 11:07:31 PM GMT+5:30,43,Others,Once a week,others,Few times a month,categories,First page,2,No,Rarely,others,Rarely,No,Moderately,Yes,4,Sometimes,5,1,.,Nil,305803,4,2,Occasional Shopper,3
2023/06/09 10:28:23 AM GMT+5:30,26,Female,Once a month,Groceries and Gourmet Food,Multiple times a day,categories,Multiple pages,3,Maybe,Rarely,others,Never,Yes,Moderately,No,2,No,5,1,Customer service,No problems with Amazon,807595,2,2,Occasional Shopper,1
2023/06/08 5:40:49 PM GMT+5:30,21,Male,Few times a month,Clothing and Fashion,Few times a week,Filter,Multiple pages,2,No,Rarely,others,Rarely,No,Occasionally,Yes,5,Sometimes,2,2,Wide product selection,Nothing,877501,3,2,Occasional Shopper,1
2023/06/08 5:37:58 PM GMT+5:30,9,Prefer not to say,Multiple times a week,Beauty and Personal Care;Clothing and Fashion,Few times a week,others,First page,3,No,Rarely,others,Sometimes,Yes,Heavily,Sometimes,1,Sometimes,2,1,Customer service,UI,445869,5,2,Occasional Shopper,3
2023/06/07 12:30:22 PM GMT+5:30,6,Female,Less than once a month,Groceries and Gourmet Food;Beauty and Personal Care;Clothing and Fashion;Home and Kitchen;others,Multiple times a day,others,First page,3,Yes,Never,Found a better price elsewhere,Always,Yes,Occasionally,Yes,5,Sometimes,5,2,Wide product selection,Add more familiar brands to the list,416658,1,1,Occasional Shopper,1
2023/06/07 9:17:50 PM GMT+5:30,45,Male,Multiple times a week,Groceries and Gourmet Food;Beauty and Personal Care;Clothing and Fashion;Home and Kitchen;others,Rarely,Filter,First page,3,Maybe,Always,others,Rarely,Yes,Occasionally,Sometimes,2,Yes,3,1,User-friendly website/app interface,I don't have any problem with Amazon,204985,5,5,Occasional Shopper,3
2023/06/11 10:47:42 PM GMT+5:30,21,Prefer not to say,Few times a month,Groceries and Gourmet Food,Few times a month,Keyword,First page,4,Yes,Always,High shipping costs,Never,Yes,Occasionally,Sometimes,1,No,3,2,All the above,Nothing,803611,3,5,Occasional Shopper,1
2023/06/09 10:23:45 AM GMT+5:30,10,Others,Once a month,Clothing and Fashion;others,Rarely,categories,First page,1,No,Always,others,Rarely,No,Occasionally,No,3,No,4,3,Wide product selection,.,498484,2,5,Occasional Shopper,2
2023/06/09 2:35:29 PM GMT+5:30,41,Female,Once a week,Groceries and Gourmet Food;Beauty and Personal Care;Clothing and Fashion,Few times a month,Unknown,First page,4,Maybe,Always,Changed my mind or no longer need the item,Rarely,No,Occasionally,Yes,3,No,5,1,User-friendly website/app interface,Reducing packaging waste,471586,4,5,Occasional Shopper,3
2023/06/07 11:10:09 PM GMT+5:30,28,Prefer not to say,Once a week,Groceries and Gourmet Food;Beauty and Personal Care;Clothing and Fashion,Rarely,categories,Multiple pages,3,Maybe,Never,others,Always,No,Rarely,Yes,3,No,5,2,Quick delivery,Shipping speed and reliability,557930,4,1,Occasional Shopper,3
2023/06/09 2:34:43 PM GMT+5:30,44,Male,Less than once a month,Groceries and Gourmet Food;Clothing and Fashion,Rarely,Filter,Multiple pages,4,Yes,Always,Changed my mind or no longer need the item,Always,Yes,Rarely,Yes,5,Sometimes,5,3,Customer service,.,844710,1,5,Occasional Shopper,2
2023/06/07 11:54:03 AM GMT+5:30,28,Others,Few times a month,Groceries and Gourmet Food;Clothing and Fashion;Home and Kitchen;others,Few times a month,Filter,Multiple pages,2,Yes,Often,others,Never,Yes,Heavily,Sometimes,1,No,4,3,Competitive prices,I have no problem with Amazon yet. But others tell me about the refund issues,485457,3,4,Occasional Shopper,0
2023/06/11 10:52:47 PM GMT+5:30,29,Male,Once a month,Beauty and Personal Care;Clothing and Fashion;Home and Kitchen;others,Few times a week,Unknown,Multiple pages,3,Maybe,Always,Changed my mind or no longer need the item,Always,Yes,Rarely,Yes,1,No,1,1,Competitive prices,.,620785,2,5,Occasional Shopper,1
2023/06/07 12:30:22 PM GMT+5:30,16,Others,Multiple times a week,Clothing and Fashion;others,Multiple times a day,categories,First page,5,Maybe,Never,others,Sometimes,No,Moderately,No,3,Sometimes,2,3,Wide product selection,Irrelevant product suggestions,520980,5,1,Occasional Shopper,3
2023/06/10 11:21:59 PM GMT+5:30,8,Male,Once a month,Groceries and Gourmet Food;Clothing and Fashion;Home and Kitchen,Multiple times a day,categories,First page,5,Maybe,Sometimes,Changed my mind or no longer need the item,Rarely,Yes,Rarely,No,2,Yes,3,1,Customer service,better app interface and lower shipping charges,734187,2,3,Occasional Shopper,1
2023/06/07 4:46:12 PM GMT+5:30,37,Others,Once a month,Home and Kitchen,Few times a week,Filter,Multiple pages,4,No,Often,High shipping costs,Rarely,No,Never,Sometimes,5,Yes,3,3,Wide product selection,User interface of app,467146,2,4,Occasional Shopper,2
2023/06/08 3:24:37 AM GMT+5:30,39,Female,Few times a month,Beauty and Personal Care;Clothing and Fashion,Few times a month,Unknown,First page,5,Yes,Rarely,others,Rarely,Yes,Never,Yes,2,No,3,3,Product recommendations,User interface,452667,3,2,Occasional Shopper,0
2023/06/09 4:28:30 PM GMT+5:30,48,Male,Multiple times a week,Groceries and Gourmet Food;Clothing and Fashion;Home and Kitchen;others,Few times a month,others,Multiple pages,3,Maybe,Always,High shipping costs,Sometimes,Yes,Never,No,2,Yes,2,1,Competitive prices,Quality of product is very poor according to the big offers,241457,5,5,Occasional Shopper,3
2023/06/07 11:48:25 AM GMT+5:30,3,Male,Once a month,Home and Kitchen,Few times a week,Unknown,First page,1,Maybe,Never,Changed my mind or no longer need the item,Often,No,Moderately,No,5,No,2,1,Wide product selection,Scrolling option would be much better than going to next page,991268,2,1,At Risk,1
2023/06/12 3:40:25 PM GMT+5:30,8,Others,Few times a month,Beauty and Personal Care;Home and Kitchen;others,Multiple times a day,others,First page,3,Yes,Always,High shipping costs,Often,No,Heavily,No,3,Yes,2,2,Customer service,.,402222,3,5,Occasional Shopper,1
2023/06/04 10:37:00 PM GMT+5:30,44,Others,Once a week,Beauty and Personal Care;Clothing and Fashion,Rarely,categories,First page,4,No,Sometimes,others,Sometimes,Yes,Heavily,Yes,5,Yes,1,2,Customer service,Nothing,313437,4,3,Occasional Shopper,3
2023/06/12 2:41:06 PM GMT+5:30,5,Prefer not to say,Less than once a month,Groceries and Gourmet Food;Beauty and Personal Care;Clothing and Fashion;Home and Kitchen,Multiple times a day,Filter,Multiple pages,3,Maybe,Always,others,Always,No,Moderately,No,1,Yes,1,4,All the above,Shipping speed and reliability,915007,1,5,Occasional Shopper,2
2023/06/12 3:49:27 PM GMT+5:30,60,Prefer not to say,Once a week,Groceries and Gourmet Food;Clothing and Fashion;others,Few times a week,Unknown,Multiple pages,5,Maybe,Always,Changed my mind or no longer need the item,Often,Yes,Moderately,No,5,No,2,1,All the above,Shipping speed and reliability,885355,4,5,Occasional Shopper,3
2023/06/06 9:45:55 AM GMT+5:30,18,Male,Once a week,Beauty and Personal Care;Clothing and Fashion;Home and Kitchen;others,Few times a month,Keyword,First page,2,Yes,Rarely,Changed my mind or no longer need the item,Never,No,Never,Yes,5,No,1,5,User-friendly website/app interface,Customer service responsiveness,583604,4,2,Frequent Shopper,0
2023/06/05 4:49:43 PM GMT+5:30,4,Prefer not to say,Less than once a month,Groceries and Gourmet Food;Home and Kitchen,Few times a week,others,Multiple pages,4,Yes,Sometimes,Found a better price elsewhere,Always,No,Moderately,No,2,Yes,1,5,Quick delivery,Shipping speed and reliability,808425,1,3,Occasional Shopper,2
2023/06/08 5:49:59 PM GMT+5:30,67,Others,Multiple times a week,Beauty and Personal Care;Clothing and Fashion;others,Few times a week,categories,Multiple pages,4,Yes,Rarely,Found a better price elsewhere,Rarely,No,Occasionally,No,5,Sometimes,4,4,Quick delivery,Nil,791209,5,2,Frequent Shopper,0
2023/06/05 10:05:25 PM GMT+5:30,13,Others,Multiple times a week,Clothing and Fashion;Home and Kitchen,Few times a month,Unknown,First page,2,Maybe,Always,Changed my mind or no longer need the item,Always,Yes,Never,Yes,2,No,4,5,User-friendly website/app interface,better app interface and lower shipping charges,642380,5,5,Frequent Shopper,0
2023/06/08 5:19:41 PM GMT+5:30,58,Male,Once a month,Groceries and Gourmet Food;Beauty and Personal Care,Multiple times a day,categories,First page,3,Yes,Never,others,Often,No,Heavily,Yes,4,Sometimes,3,1,Customer service,Add more familiar brands to the list,535035,2,1,At Risk,1
2023/06/08 5:57:03 PM GMT+5:30,7,Male,Few times a month,Beauty and Personal Care;Clothing and Fashion,Few times a week,others,First page,1,Yes,Sometimes,others,Never,No,Rarely,No,4,No,1,5,User-friendly website/app interface,User interface,362934,3,3,Occasional Shopper,0
2023/06/07 11:08:52 PM GMT+5:30,25,Prefer not to say,Less than once a month,Groceries and Gourmet Food;Clothing and Fashion;Home and Kitchen,Few times a month,Filter,First page,4,Yes,Rarely,Found a better price elsewhere,Often,No,Heavily,Yes,4,No,1,2,All the above,Add more familiar brands to the list,818647,1,2,Occasional Shopper,1
2023/06/05 7:16:40 AM GMT+5:30,33,Prefer not to say,Once a week,Groceries and Gourmet Food;Clothing and Fashion,Few times a month,others,Multiple pages,1,No,Always,Changed my mind or no longer need the item,Never,No,Rarely,No,5,Yes,4,1,.,Nil,447373,4,5,Occasional Shopper,3
2023/06/06 2:07:12 PM GMT+5:30,47,Prefer not to say,Less than once a month,Beauty and Personal Care,Few times a month,Keyword,First page,1,No,Rarely,others,Always,No,Heavily,Yes,2,No,1,1,Customer service,Customer service responsiveness,680024,1,2,Occasional Shopper,1
2023/06/08 10:40:33 PM GMT+5:30,23,Female,Less than once a month,Clothing and Fashion,Multiple times a day,Filter,Multiple pages,5,Maybe,Often,High shipping costs,Always,Yes,Moderately,Yes,4,Sometimes,1,5,Quick delivery,Irrelevant product suggestions,276117,1,4,Occasional Shopper,2
2023/06/06 9:59:35 AM GMT+5:30,55,Prefer not to say,Once a week,Clothing and Fashion;Home and Kitchen,Few times a month,others,First page,5,No,Never,Found a better price elsewhere,Sometimes,No,Heavily,Yes,1,Sometimes,1,3,Customer service,Quality of product is very poor according to the big offers,513452,4,1,Occasional Shopper,0
2023/06/09 9:33:35 AM GMT+5:30,55,Female,Multiple times a week,Groceries and Gourmet Food;Beauty and Personal Care;others,Few times a week,Keyword,Multiple pages,3,No,Rarely,Found a better price elsewhere,Never,No,Occasionally,Sometimes,4,Sometimes,3,1,Customer service,Customer service responsiveness,150583,5,2,Occasional Shopper,3
2023/06/11 11:06:52 PM GMT+5:30,20,Others,Once a week,Groceries and Gourmet Food;Beauty and Personal Care;Clothing and Fashion;Home and Kitchen,Multiple times a day,Keyword,Multiple pages,4,Yes,Never,others,Rarely,Yes,Heavily,Yes,3,No,5,1,Wide product selection,Nothing,512979,4,1,At Risk,3
2023/06/07 6:30:43 PM GMT+5:30,41,Others,Once a week,Beauty and Personal Care;Clothing and Fashion,Few times a month,others,First page,1,Maybe,Sometimes,Found a better price elsewhere,Often,Yes,Rarely,No,2,Yes,2,4,Customer service,UI,218072,4,3,Frequent Shopper,0
2023/06/08 3:25:14 AM GMT+5:30,43,Prefer not to say,Once a month,Groceries and Gourmet Food;Beauty and Personal Care;others,Rarely,categories,First page,4,Maybe,Never,others,Sometimes,No,Occasionally,Sometimes,3,Yes,1,3,.,Quality of product is very poor according to the big offers,219672,2,1,Occasional Shopper,2
2023/06/05 4:26:25 AM GMT+5:30,14,Female,Multiple times a week,Groceries and Gourmet Food;Clothing and Fashion;Home and Kitchen,Few times a month,Unknown,Multiple pages,4,Maybe,Rarely,High shipping costs,Never,Yes,Heavily,No,1,Sometimes,3,5,Customer service,Product quality and accuracy,727744,5,2,Frequent Shopper,0
2023/06/05 4:46:52 PM GMT+5:30,41,Male,Once a month,Clothing and Fashion;others,Rarely,categories,First page,1,Maybe,Never,Found a better price elsewhere,Often,No,Rarely,Yes,1,No,2,3,Customer service,User interface of app,485040,2,1,Occasional Shopper,2
2023/06/06 6:44:04 PM GMT+5:30,13,Prefer not to say,Once a month,Groceries and Gourmet Food;Clothing and Fashion;Home and Kitchen;others,Few times a month,categories,First page,5,Maybe,Often,others,Rarely,No,Heavily,No,5,No,2,4,User-friendly website/app interface,Scrolling option would be much better than going to next page,720879,2,4,Occasional Shopper,2
2023/06/09 10:30:39 AM GMT+5:30,14,Prefer not to say,Multiple times a week,Clothing and Fashion;others,Few times a month,Keyword,First page,4,Maybe,Sometimes,Changed my mind or no longer need the item,Often,No,Occasionally,Sometimes,1,No,5,3,Product recommendations,Add more familiar brands to the list,101357,5,3,Occasional Shopper,3
2023/06/09 3:09:41 PM GMT+5:30,18,Female,Less than once a month,Groceries and Gourmet Food;Clothing and Fashion;others,Multiple times a day,categories,Multiple pages,3,Yes,Sometimes,Found a better price elsewhere,Sometimes,No,Occasionally,No,1,Yes,1,3,Product recommendations,No problems with Amazon,702224,1,3,Occasional Shopper,2
2023/06/09 10:22:03 AM GMT+5:30,42,Prefer not to say,Once a week,Beauty and Personal Care;Home and Kitchen,Few times a month,Keyword,Multiple pages,2,No,Often,Found a better price elsewhere,Sometimes,Yes,Moderately,Sometimes,1,No,1,3,Competitive prices,Product quality and accuracy,998820,4,4,Occasional Shopper,0
2023/06/07 2:40:30 PM GMT+5:30,11,Male,Once a week,Groceries and Gourmet Food,Few times a month,Filter,Multiple pages,1,No,Rarely,Found a better price elsewhere,Sometimes,Yes,Moderately,Yes,3,No,3,4,Customer service,Nil,673241,4,2,Frequent Shopper,0
2023/06/11 11:19:12 PM GMT+5:30,41,Others,Once a week,Clothing and Fashion;Home and Kitchen;others,Rarely,Keyword,Multiple pages,4,Yes,Often,Changed my mind or no longer need the item,Always,Yes,Rarely,No,5,Yes,5,3,Quick delivery,better app interface and lower shipping charges,307554,4,4,Occasional Shopper,0
2023/06/05 10:08:15 PM GMT+5:30,38,Others,Less than once a month,Clothing and Fashion;others,Few times a month,Filter,Multiple pages,4,Yes,Sometimes,Changed my mind or no longer need the item,Never,Yes,Never,Yes,5,Yes,2,4,All the above,Quality of product is very poor according to the big offers,895906,1,3,Occasional Shopper,2
2023/06/11 11:17:41 PM GMT+5:30,11,Others,Once a week,Home and Kitchen,Multiple times a day,Keyword,First page,2,Maybe,Rarely,Changed my mind or no longer need the item,Sometimes,No,Moderately,Sometimes,3,Sometimes,2,4,.,Nothing,586458,4,2,Frequent Shopper,0
2023/06/12 3:55:53 PM GMT+5:30,27,Prefer not to say,Less than once a month,Home and Kitchen,Few times a week,categories,First page,1,Yes,Often,others,Rarely,Yes,Moderately,Yes,4,Sometimes,3,5,Product recommendations,Reducing packaging waste,596757,1,4,Occasional Shopper,2
2023/06/04 10:13:28 PM GMT+5:30,65,Female,Multiple times a week,Groceries and Gourmet Food;Clothing and Fashion;others,Few times a week,Unknown,First page,3,Yes,Always,Changed my mind or no longer need the item,Never,No,Moderately,Yes,1,No,4,5,Wide product selection,User interface,917970,5,5,Frequent Shopper,0
2023/06/06 1:06:16 PM GMT+5:30,4,Female,Multiple times a week,Groceries and Gourmet Food;Clothing and Fashion;Home and Kitchen;others,Few times a month,Keyword,Multiple pages,2,Maybe,Never,Changed my mind or no longer need the item,Often,Yes,Never,Sometimes,3,Sometimes,4,5,Customer service,Quality of product is very poor according to the big offers,653756,5,1,Frequent Shopper,0
2023/06/05 10:07:33 PM GMT+5:30,54,Prefer not to say,Once a week,others,Few times a week,Filter,Multiple pages,2,No,Always,Found a better price elsewhere,Sometimes,Yes,Heavily,No,1,Sometimes,1,5,.,.,137500,4,5,Frequent Shopper,0
2023/06/05 10:08:15 PM GMT+5:30,4,Others,Less than once a month,Groceries and Gourmet Food;Beauty and Personal Care;Home and Kitchen,Rarely,others,First page,5,Yes,Never,High shipping costs,Always,Yes,Never,Yes,2,Yes,1,1,Wide product selection,Scrolling option would be much better than going to next page,146081,1,1,At Risk,1
2023/06/11 11:15:37 PM GMT+5:30,48,Prefer not to say,Few times a month,Home and Kitchen,Multiple times a day,Filter,First page,3,Yes,Rarely,others,Often,Yes,Moderately,No,5,Yes,5,2,.,Quality of product is very poor according to the big offers,426584,3,2,Occasional Shopper,1
2023/06/09 9:37:15 AM GMT+5:30,54,Female,Few times a month,Home and Kitchen,Few times a month,Unknown,Multiple pages,1,Maybe,Never,Found a better price elsewhere,Often,No,Moderately,No,5,No,3,2,Competitive prices,Product quality and accuracy,457090,3,1,Occasional Shopper,1
2023/06/11 11:25:09 PM GMT+5:30,67,Female,Few times a month,Groceries and Gourmet Food;Beauty and Personal Care;Home and Kitchen,Multiple times a day,categories,First page,4,No,Often,Changed my mind or no longer need the item,Rarely,No,Rarely,Sometimes,3,No,3,5,Wide product selection,No problems with Amazon,558339,3,4,Occasional Shopper,0
2023/06/06 6:51:13 PM GMT+5:30,24,Others,Few times a month,Clothing and Fashion;Home and Kitchen,Rarely,Keyword,Multiple pages,1,Maybe,Sometimes,Found a better price elsewhere,Often,Yes,Moderately,Sometimes,1,Yes,3,2,Customer service,Nil,963304,3,3,Occasional Shopper,1
2023/06/06 6:57:14 PM GMT+5:30,49,Male,Multiple times a week,Groceries and Gourmet Food;Home and Kitchen,Multiple times a day,Unknown,First page,4,Maybe,Always,Changed my mind or no longer need the item,Sometimes,Yes,Occasionally,Yes,5,Sometimes,5,3,Customer service,Irrelevant product suggestions,103257,5,5,Occasional Shopper,3
2023/06/09 10:23:05 AM GMT+5:30,6,Others,Multiple times a week,Groceries and Gourmet Food;Beauty and Personal Care;Clothing and Fashion;Home and Kitchen;others,Few times a month,Filter,First page,1,Yes,Rarely,Changed my mind or no longer need the item,Rarely,No,Rarely,No,3,No,2,5,Quick delivery,UI,546186,5,2,Frequent Shopper,0
2023/06/05 8:43:26 AM GMT+5:30,53,Male,Few times a month,Groceries and Gourmet Food;Beauty and Personal Care;Clothing and Fashion;Home and Kitchen;others,Few times a week,Unknown,Multiple pages,3,Yes,Often,others,Sometimes,No,Rarely,Yes,3,No,3,5,Customer service,Product quality and accuracy,857823,3,4,Occasional Shopper,0
2023/06/08 5:29:01 PM GMT+5:30,33,Female,Multiple times a week,Beauty and Personal Care;others,Few times a month,categories,First page,2,No,Sometimes,High shipping costs,Often,Yes,Rarely,No,1,No,5,1,Wide product selection,No problems with Amazon,791429,5,3,Occasional Shopper,3
2023/06/11 10:49:05 PM GMT+5:30,25,Others,Once a month,Beauty and Personal Care;others,Few times a week,others,First page,2,Yes,Often,Found a better price elsewhere,Always,Yes,Rarely,Sometimes,4,No,4,2,Product recommendations,I have no problem with Amazon yet. But others tell me about the refund issues,513745,2,4,Occasional Shopper,1
2023/06/11 10:42:48 PM GMT+5:30,7,Male,Less than once a month,Beauty and Personal Care;Clothing and Fashion;Home and Kitchen,Few times a month,Keyword,Multiple pages,1,Yes,Never,Changed my mind or no longer need the item,Rarely,No,Never,No,2,No,4,4,Wide product selection,Shipping speed and reliability,503215,1,1,Occasional Shopper,2
2023/06/05 6:49:25 PM GMT+5:30,60,Prefer not to say,Once a month,Beauty and Personal Care;Clothing and Fashion,Few times a week,Keyword,First page,4,Maybe,Sometimes,others,Often,No,Occasionally,No,3,No,1,3,Customer service,UI,821531,2,3,Occasional Shopper,2
2023/06/08 5:25:27 PM GMT+5:30,9,Others,Once a month,Groceries and Gourmet Food;Clothing and Fashion;Home and Kitchen;others,Rarely,others,First page,2,Maybe,Sometimes,Found a better price elsewhere,Always,Yes,Occasionally,Sometimes,3,Sometimes,1,1,Quick delivery,better app interface and lower shipping charges,290183,2,3,Occasional Shopper,1
2023/06/09 7:24:06 PM GMT+5:30,18,Others,Few times a month,Beauty and Personal Care;Home and Kitchen;others,Rarely,Filter,Multiple pages,4,Yes,Never,Found a better price elsewhere,Sometimes,No,Heavily,Yes,3,Yes,4,3,Competitive prices,I don't have any problem with Amazon,747793,3,1,Occasional Shopper,0
2023/06/08 5:55:15 PM GMT+5:30,55,Others,Less than once a month,others,Few times a week,others,Multiple pages,3,Yes,Sometimes,others,Often,Yes,Never,Sometimes,3,No,5,1,All the above,User interface,443622,1,3,Occasional Shopper,1
2023/06/09 7:28:09 PM GMT+5:30,53,Female,Few times a month,Clothing and Fashion;others,Few times a month,others,Multiple pages,1,No,Rarely,others,Always,Yes,Moderately,No,2,Yes,1,4,Customer service,I don't have any problem with Amazon,898719,3,2,Occasional Shopper,0
2023/06/05 9:56:58 AM GMT+5:30,56,Others,Once a month,Beauty and Personal Care;others,Multiple times a day,Unknown,First page,2,No,Sometimes,others,Rarely,No,Occasionally,No,3,No,1,5,Quick delivery,UI,494799,2,3,Occasional Shopper,2
2023/06/07 1:25:26 PM GMT+5:30,66,Female,Once a month,Groceries and Gourmet Food;Beauty and Personal Care;Clothing and Fashion,Multiple times a day,Keyword,Multiple pages,1,Yes,Always,Found a better price elsewhere,Never,Yes,Heavily,Sometimes,5,Yes,4,1,Customer service,Product quality and accuracy,367052,2,5,Occasional Shopper,1
2023/06/08 7:33:15 AM GMT+5:30,24,Male,Once a week,Clothing and Fashion;Home and Kitchen,Multiple times a day,Unknown,Multiple pages,5,Maybe,Always,High shipping costs,Sometimes,No,Moderately,Yes,3,No,2,5,Wide product selection,I have no problem with Amazon yet. But others tell me about the refund issues,922201,4,5,Frequent Shopper,0
2023/06/12 3:40:25 PM GMT+5:30,56,Female,Multiple times a week,Groceries and Gourmet Food;Beauty and Personal Care;Clothing and Fashion;others,Few times a week,others,First page,4,Yes,Never,Found a better price elsewhere,Rarely,No,Moderately,Yes,1,Yes,5,3,Wide product selection,UI,640343,5,1,Occasional Shopper,3
2023/06/11 11:16:58 PM GMT+5:30,46,Others,Few times a month,Groceries and Gourmet Food;Beauty and Personal Care,Few times a week,others,Multiple pages,1,Maybe,Never,others,Never,No,Never,Yes,1,No,5,2,Customer service,Product quality and accuracy,463351,3,1,Occasional Shopper,1
2023/06/07 6:29:53 PM GMT+5:30,36,Prefer not to say,Less than once a month,Clothing and Fashion;Home and Kitchen,Few times a month,Keyword,First page,1,Maybe,Rarely,High shipping costs,Never,Yes,Moderately,Yes,5,No,1,2,Wide product selection,Add more familiar brands to the list,304809,1,2,Occasional Shopper,1
2023/06/07 10:17:40 PM GMT+5:30,29,Prefer not to say,Few times a month,Groceries and Gourmet Food;Home and Kitchen,Few times a month,Filter,Multiple pages,2,No,Rarely,High shipping costs,Always,Yes,Never,Yes,1,No,5,2,Customer service,Nothing,799335,3,2,Occasional Shopper,1
2023/06/05 10:08:15 PM GMT+5:30,41,Male,Once a week,Groceries and Gourmet Food;Beauty and Personal Care,Multiple times a day,Filter,First page,2,Maybe,Rarely,High shipping costs,Always,No,Never,Yes,1,Sometimes,4,3,.,Scrolling option would be much better than going to next page,390724,4,2,Occasional Shopper,0
2023/06/04 1:28:19 PM GMT+5:30,41,Prefer not to say,Once a week,others,Rarely,categories,First page,3,Yes,Never,Changed my mind or no longer need the item,Sometimes,Yes,Rarely,Yes,2,No,4,3,Wide product selection,Scrolling option would be much better than going to next page,368298,4,1,Occasional Shopper,0
2023/06/07 1:05:41 PM GMT+5:30,4,Prefer not to say,Less than once a month,Groceries and Gourmet Food;Beauty and Personal Care;Clothing and Fashion;Home and Kitchen;others,Few times a week,others,First page,5,No,Sometimes,others,Rarely,Yes,Occasionally,No,5,Yes,1,4,.,UI,838614,1,3,Occasional Shopper,2
2023/06/05 12:02:56 AM GMT+5:30,25,Female,Once a week,Groceries and Gourmet Food;Beauty and Personal Care;Clothing and Fashion;Home and Kitchen;others,Few times a week,categories,Multiple pages,2,Yes,Sometimes,Changed my mind or no longer need the item,Rarely,No,Heavily,Sometimes,4,No,2,2,.,Nothing,526934,4,3,Occasional Shopper,3
2023/06/09 7:27:00 PM GMT+5:30,44,Male,Multiple times a week,Groceries and Gourmet Food;Beauty and Personal Care;others,Rarely,Filter,First page,4,Maybe,Always,Found a better price elsewhere,Often,No,Rarely,Sometimes,5,Yes,3,5,.,better app interface and lower shipping charges,904710,5,5,Frequent Shopper,0
2023/06/07 12:36:04 PM GMT+5:30,66,Female,Once a month,Groceries and Gourmet Food;Beauty and Personal Care,Rarely,Filter,First page,5,Yes,Sometimes,High shipping costs,Never,Yes,Moderately,Sometimes,4,Yes,5,5,Customer service,Customer service responsiveness,312387,2,3,Occasional Shopper,2
2023/06/07 11:48:25 AM GMT+5:30,9,Male,Once a week,Groceries and Gourmet Food;Beauty and Personal Care;Home and Kitchen,Multiple times a day,Filter,First page,5,No,Often,Found a better price elsewhere,Rarely,No,Rarely,No,2,No,2,1,Competitive prices,No problems with Amazon,393069,4,4,Occasional Shopper,3
2023/06/06 6:57:14 PM GMT+5:30,59,Others,Once a month,Groceries and Gourmet Food;Home and Kitchen;others,Few times a month,categories,Multiple pages,1,Maybe,Never,others,Always,Yes,Rarely,Sometimes,3,No,3,4,User-friendly website/app interface,Add more familiar brands to the list,642226,2,1,Occasional Shopper,2
2023/06/05 12:39:14 AM GMT+5:30,67,Others,Few times a month,Clothing and Fashion,Few times a week,categories,Multiple pages,2,No,Never,Found a better price elsewhere,Always,Yes,Heavily,No,2,No,2,3,Customer service,Product quality and accuracy,773381,3,1,Occasional Shopper,0
2023/06/06 6:42:00 PM GMT+5:30,16,Prefer not to say,Less than once a month,Groceries and Gourmet Food;Clothing and Fashion,Few times a month,Keyword,Multiple pages,3,No,Never,High shipping costs,Always,Yes,Rarely,Yes,1,Yes,1,3,Customer service,Nothing,506504,1,1,Occasional Shopper,2
2023/06/04 11:38:30 PM GMT+5:30,50,Prefer not to say,Once a month,Home and Kitchen;others,Rarely,categories,First page,5,Yes,Sometimes,Changed my mind or no longer need the item,Sometimes,No,Heavily,Sometimes,1,Sometimes,5,5,Wide product selection,I have no problem with Amazon yet. But others tell me about the refund issues,655251,2,3,Occasional Shopper,2
2023/06/04 7:23:21 PM GMT+5:30,3,Female,Few times a month,Groceries and Gourmet Food;Beauty and Personal Care;Clothing and Fashion,Few times a month,Filter,Multiple pages,5,Maybe,Never,High shipping costs,Always,Yes,Heavily,No,1,No,1,3,User-friendly website/app interface,Scrolling option would be much better than going to next page,635718,3,1,Occasional Shopper,0
2023/06/04 8:45:45 PM GMT+5:30,65,Male,Few times a month,Beauty and Personal Care;Home and Kitchen,Few times a month,Unknown,Multiple pages,1,Yes,Never,Found a better price elsewhere,Never,Yes,Occasionally,Yes,3,Sometimes,3,3,Wide product selection,Add more familiar brands to the list,222159,3,1,Occasional Shopper,0
2023/06/07 9:21:10 PM GMT+5:30,22,Others,Once a week,Home and Kitchen;others,Few times a week,Keyword,Multiple pages,3,No,Sometimes,others,Often,Yes,Heavily,Sometimes,3,No,1,3,User-friendly website/app interface,better app interface and lower shipping charges,603620,4,3,Occasional Shopper,0
2023/06/12 3:57:52 PM GMT+5:30,30,Others,Once a week,Groceries and Gourmet Food;Home and Kitchen;others,Few times a week,others,First page,1,No,Often,others,Sometimes,Yes,Never,Sometimes,2,No,1,3,All the above,Customer service responsiveness,544766,4,4,Occasional Shopper,0
2023/06/08 6:39:59 PM GMT+5:30,16,Female,Less than once a month,Clothing and Fashion;Home and Kitchen,Rarely,others,Multiple pages,5,Yes,Never,Changed my mind or no longer need the item,Never,Yes,Heavily,Sometimes,1,No,5,4,Wide product selection,Customer service responsiveness,325627,1,1,Occasional Shopper,2
2023/06/04 11:57:10 PM GMT+5:30,7,Male,Once a month,Beauty and Personal Care;Clothing and Fashion;others,Rarely,Filter,First page,2,No,Never,High shipping costs,Sometimes,No,Never,No,2,Sometimes,5,5,All the above,Nothing,387221,2,1,Occasional Shopper,2
2023/06/05 1:45:30 PM GMT+5:30,20,Prefer not to say,Few times a month,Groceries and Gourmet Food;Beauty and Personal Care;Clothing and Fashion;Home and Kitchen;others,Few times a month,others,First page,2,No,Never,others,Rarely,Yes,Rarely,Yes,1,Yes,2,4,Customer service,User interface,531616,3,1,Occasional Shopper,0
2023/06/09 9:35:57 AM GMT+5:30,20,Female,Multiple times a week,Clothing and Fashion,Rarely,categories,Multiple pages,3,Yes,Always,others,Sometimes,No,Never,Yes,4,No,1,3,Competitive prices,Customer service responsiveness,447479,5,5,Occasional Shopper,3
2023/06/16 9:16:05 AM GMT+5:30,22,Female,Few times a month,Beauty and Personal Care;Clothing and Fashion;Home and Kitchen,Few times a month,Unknown,Multiple pages,4,No,Always,High shipping costs,Always,No,Never,No,1,No,3,2,Customer service,I don't have any problem with Amazon,295328,3,5,Occasional Shopper,1
2023/06/07 12:23:07 PM GMT+5:30,25,Others,Multiple times a week,Home and Kitchen;others,Few times a month,others,First page,5,Maybe,Always,High shipping costs,Sometimes,No,Occasionally,Sometimes,3,Sometimes,3,5,Quick delivery,better app interface and lower shipping charges,626900,5,5,Frequent Shopper,0
2023/06/08 5:28:47 PM GMT+5:30,5,Prefer not to say,Once a week,Groceries and Gourmet Food;Beauty and Personal Care;others,Few times a month,others,First page,2,Maybe,Never,others,Rarely,Yes,Occasionally,No,4,Sometimes,5,1,Quick delivery,No problems with Amazon,222504,4,1,At Risk,3
2023/06/08 5:49:56 PM GMT+5:30,56,Female,Multiple times a week,Beauty and Personal Care;Clothing and Fashion;Home and Kitchen,Few times a week,Unknown,First page,3,Maybe,Sometimes,Changed my mind or no longer need the item,Never,Yes,Heavily,No,5,Sometimes,3,1,Customer service,UI,856966,5,3,Occasional Shopper,3
2023/06/07 2:16:43 PM GMT+5:30,18,Female,Few times a month,Beauty and Personal Care;Clothing and Fashion;Home and Kitchen,Few times a month,categories,Multiple pages,5,Maybe,Often,Found a better price elsewhere,Sometimes,No,Occasionally,Sometimes,4,Yes,5,5,All the above,Quality of product is very poor according to the big offers,843465,3,4,Occasional Shopper,0
2023/06/05 8:49:12 PM GMT+5:30,37,Prefer not to say,Once a month,Beauty and Personal Care;Home and Kitchen;others,Multiple times a day,others,First page,3,No,Never,Found a better price elsewhere,Never,Yes,Moderately,No,5,No,5,2,.,User interface,250771,2,1,Occasional Shopper,1
2023/06/08 5:30:34 PM GMT+5:30,16,Male,Multiple times a week,Home and Kitchen;others,Rarely,others,Multiple pages,3,No,Always,Changed my mind or no longer need the item,Often,No,Rarely,Yes,5,No,4,2,All the above,Product quality and accuracy,461429,5,5,Occasional Shopper,3
2023/06/08 4:29:56 PM GMT+5:30,44,Female,Once a month,Groceries and Gourmet Food;Beauty and Personal Care;Clothing and Fashion;others,Multiple times a day,Unknown,First page,2,Yes,Never,Changed my mind or no longer need the item,Sometimes,No,Never,Sometimes,4,Sometimes,4,5,Product recommendations,Scrolling option would be much better than going to next page,350060,2,1,Occasional Shopper,2
2023/06/04 6:01:59 PM GMT+5:30,39,Male,Multiple times a week,Groceries and Gourmet Food;Beauty and Personal Care,Few times a week,categories,Multiple pages,4,No,Sometimes,Found a better price elsewhere,Sometimes,Yes,Rarely,Yes,3,Yes,1,2,Quick delivery,better app interface and lower shipping charges,865415,5,3,Occasional Shopper,3
2023/06/05 8:49:12 PM GMT+5:30,48,Male,Once a month,Beauty and Personal Care;others,Multiple times a day,categories,Multiple pages,3,Maybe,Often,Found a better price elsewhere,Often,No,Heavily,Sometimes,5,Sometimes,2,3,.,better app interface and lower shipping charges,840560,2,4,Occasional Shopper,2
2023/06/09 10:23:05 AM GMT+5:30,15,Others,Once a week,Groceries and Gourmet Food;Clothing and Fashion,Multiple times a day,others,First page,3,No,Always,Changed my mind or no longer need the item,Sometimes,No,Moderately,No,3,Sometimes,1,5,Wide product selection,Add more familiar brands to the list,241303,4,5,Frequent Shopper,0
2023/06/07 6:16:51 PM GMT+5:30,65,Male,Less than once a month,Groceries and Gourmet Food,Multiple times a day,Unknown,First page,5,Yes,Always,High shipping costs,Always,No,Moderately,Sometimes,4,Yes,5,5,User-friendly website/app interface,better app interface and lower shipping charges,938045,1,5,Occasional Shopper,2
2023/06/08 3:28:23 AM GMT+5:30,49,Others,Once a week,Beauty and Personal Care;Clothing and Fashion;others,Few times a month,categories,Multiple pages,3,Yes,Never,High shipping costs,Sometimes,Yes,Never,Yes,1,Yes,4,1,Quick delivery,Reducing packaging waste,627531,4,1,At Risk,3
2023/06/06 6:48:26 PM GMT+5:30,34,Female,Once a month,Beauty and Personal Care;others,Multiple times a day,Unknown,First page,3,Maybe,Sometimes,High shipping costs,Rarely,Yes,Heavily,No,4,No,4,3,Quick delivery,Nothing,133197,2,3,Occasional Shopper,2
2023/06/06 10:19:05 AM GMT+5:30,58,Others,Multiple times a week,Groceries and Gourmet Food;Beauty and Personal Care;Home and Kitchen,Rarely,Unknown,Multiple pages,4,Yes,Often,High shipping costs,Rarely,No,Occasionally,Yes,1,No,4,5,.,Add more familiar brands to the list,742591,5,4,Frequent Shopper,0
2023/06/09 7:24:57 PM GMT+5:30,56,Prefer not to say,Once a week,Groceries and Gourmet Food;Clothing and Fashion;Home and Kitchen,Rarely,categories,Multiple pages,4,Yes,Rarely,Found a better price elsewhere,Sometimes,No,Occasionally,Sometimes,1,No,1,5,Wide product selection,Quality of product is very poor according to the big offers,906101,4,2,Frequent Shopper,0
2023/06/08 5:37:13 PM GMT+5:30,33,Female,Once a month,Beauty and Personal Care;Clothing and Fashion;Home and Kitchen;others,Few times a week,Keyword,Multiple pages,5,Yes,Often,Found a better price elsewhere,Never,Yes,Occasionally,Sometimes,4,Sometimes,4,4,Product recommendations,User interface,251094,2,4,Occasional Shopper,2
2023/06/05 2:28:10 PM GMT+5:30,46,Male,Multiple times a week,Beauty and Personal Care;Clothing and Fashion;Home and Kitchen;others,Few times a week,Filter,First page,3,No,Never,Found a better price elsewhere,Often,No,Heavily,Sometimes,3,Sometimes,5,4,Customer service,Customer service responsiveness,772871,5,1,Frequent Shopper,0
2023/06/06 7:42:51 PM GMT+5:30,9,Prefer not to say,Few times a month,Groceries and Gourmet Food;Beauty and Personal Care;Clothing and Fashion;others,Rarely,others,First page,4,No,Never,High shipping costs,Sometimes,Yes,Moderately,Yes,5,No,4,3,.,Nothing,474306,3,1,Occasional Shopper,0
2023/06/08 5:37:13 PM GMT+5:30,66,Prefer not to say,Multiple times a week,Clothing and Fashion,Few times a week,categories,First page,5,No,Rarely,High shipping costs,Always,Yes,Heavily,Sometimes,3,Sometimes,2,3,All the above,Product quality and accuracy,376248,5,2,Occasional Shopper,3
2023/06/11 9:53:31 AM GMT+5:30,45,Others,Few times a month,Home and Kitchen;others,Rarely,Filter,Multiple pages,2,No,Never,High shipping costs,Always,No,Moderately,No,2,Yes,3,3,Customer service,UI,948730,3,1,Occasional Shopper,0
2023/06/07 1:00:08 PM GMT+5:30,3,Male,Less than once a month,Clothing and Fashion;others,Multiple times a day,others,Multiple pages,4,Yes,Always,Changed my mind or no longer need the item,Never,No,Rarely,Yes,5,Sometimes,2,2,Customer service,Scrolling option would be much better than going to next page,201824,1,5,Occasional Shopper,1
2023/06/06 10:03:52 AM GMT+5:30,60,Others,Once a month,others,Few times a week,Unknown,First page,4,Maybe,Often,Found a better price elsewhere,Rarely,No,Heavily,Sometimes,4,Sometimes,3,5,Product recommendations,User interface of app,209974,2,4,Occasional Shopper,2
2023/06/06 7:41:36 PM GMT+5:30,62,Female,Once a month,Groceries and Gourmet Food;Clothing and Fashion;Home and Kitchen,Few times a month,Keyword,Multiple pages,5,Maybe,Often,High shipping costs,Never,Yes,Moderately,No,2,No,1,3,User-friendly website/app interface,Quality of product is very poor according to the big offers,519149,2,4,Occasional Shopper,2
2023/06/05 8:44:09 PM GMT+5:30,32,Prefer not to say,Few times a month,Groceries and Gourmet Food;Beauty and Personal Care;Clothing and Fashion;others,Few times a month,categories,Multiple pages,4,Yes,Sometimes,High shipping costs,Never,Yes,Occasionally,Yes,2,No,2,5,Quick delivery,I have no problem with Amazon yet. But others tell me about the refund issues,344930,3,3,Occasional Shopper,0
2023/06/04 8:52:49 PM GMT+5:30,24,Male,Multiple times a week,Beauty and Personal Care;Clothing and Fashion;others,Few times a week,Unknown,First page,2,Maybe,Often,Found a better price elsewhere,Sometimes,No,Rarely,Yes,1,Yes,5,2,.,Scrolling option would be much better than going to next page,994799,5,4,Occasional Shopper,3
2023/06/08 5:52:26 PM GMT+5:30,6,Others,Few times a month,Groceries and Gourmet Food;Clothing and Fashion;Home and Kitchen;others,Multiple times a day,Filter,Multiple pages,1,Maybe,Never,Found a better price elsewhere,Never,Yes,Rarely,Sometimes,1,Sometimes,2,1,Product recommendations,I have no problem with Amazon yet. But others tell me about the refund issues,361900,3,1,At Risk,1
2023/06/07 11:03:50 PM GMT+5:30,17,Female,Multiple times a week,Groceries and Gourmet Food;Beauty and Personal Care;others,Rarely,Filter,Multiple pages,1,Maybe,Often,others,Often,Yes,Occasionally,Sometimes,2,Yes,2,5,Customer service,I don't have any problem with Amazon,900878,5,4,Frequent Shopper,0
2023/06/09 4:30:40 PM GMT+5:30,40,Female,Few times a month,Beauty and Personal Care;Home and Kitchen;others,Rarely,categories,First page,5,Yes,Often,High shipping costs,Never,Yes,Heavily,Yes,2,Yes,4,4,Customer service,Reducing packaging waste,715521,3,4,Occasional Shopper,0
2023/06/08 10:38:16 PM GMT+5:30,47,Prefer not to say,Few times a month,Clothing and Fashion,Multiple times a day,others,First page,5,Maybe,Often,others,Sometimes,Yes,Rarely,Yes,2,Sometimes,1,1,Wide product selection,Irrelevant product suggestions,445757,3,4,Occasional Shopper,1
2023/06/07 12:01:15 PM GMT+5:30,59,Female,Few times a month,Groceries and Gourmet Food;Beauty and Personal Care;Home and Kitchen,Multiple times a day,others,First page,5,Maybe,Often,High shipping costs,Often,Yes,Moderately,No,4,Sometimes,3,4,User-friendly website/app interface,Quality of product is very poor according to the big offers,313124,3,4,Occasional Shopper,0
2023/06/08 9:39:55 PM GMT+5:30,44,Male,Less than once a month,Beauty and Personal Care;Clothing and Fashion,Multiple times a day,others,Multiple pages,2,No,Sometimes,Found a better price elsewhere,Always,Yes,Rarely,Sometimes,2,Sometimes,5,4,All the above,Irrelevant product suggestions,125855,1,3,Occasional Shopper,2
2023/06/08 3:27:23 AM GMT+5:30,40,Female,Once a week,Groceries and Gourmet Food;Beauty and Personal Care;Clothing and Fashion,Rarely,Unknown,Multiple pages,3,Maybe,Never,High shipping costs,Sometimes,No,Heavily,Sometimes,3,Sometimes,3,4,User-friendly website/app interface,better app interface and lower shipping charges,941756,4,1,Frequent Shopper,0
2023/06/09 10:59:38 AM GMT+5:30,15,Others,Few times a month,Groceries and Gourmet Food;Clothing and Fashion;Home and Kitchen;others,Multiple times a day,categories,Multiple pages,4,Yes,Never,High shipping costs,Never,Yes,Moderately,Sometimes,4,Sometimes,1,4,Product recommendations,User interface of app,199693,3,1,Occasional Shopper,0
2023/06/07 10:20:09 PM GMT+5:30,22,Female,Few times a month,Groceries and Gourmet Food;Beauty and Personal Care;Home and Kitchen,Few times a month,others,First page,1,Maybe,Never,Changed my mind or no longer need the item,Always,Yes,Occasionally,Yes,4,No,5,3,Wide product selection,Scrolling option would be much better than going to next page,959487,3,1,Occasional Shopper,0
2023/06/10 2:41:51 PM GMT+5:30,13,Others,Once a week,Groceries and Gourmet Food;Beauty and Personal Care;Clothing and Fashion,Multiple times a day,Unknown,First page,2,No,Never,High shipping costs,Sometimes,No,Heavily,Sometimes,4,No,1,1,Customer service,UI,996485,4,1,At Risk,3
2023/06/08 5:27:22 PM GMT+5:30,62,Others,Once a week,Home and Kitchen,Rarely,Filter,First page,3,Maybe,Sometimes,others,Always,Yes,Occasionally,Yes,5,Sometimes,1,5,Competitive prices,User interface,328749,4,3,Frequent Shopper,0
2023/06/08 5:23:08 PM GMT+5:30,42,Female,Once a month,Groceries and Gourmet Food;Home and Kitchen;others,Few times a week,categories,Multiple pages,5,Yes,Often,High shipping costs,Always,Yes,Heavily,Yes,1,Sometimes,3,2,Competitive prices,Quality of product is very poor according to the big offers,169827,2,4,Occasional Shopper,1
2023/06/07 9:23:41 PM GMT+5:30,25,Others,Once a week,Home and Kitchen;others,Rarely,categories,Multiple pages,5,Yes,Never,High shipping costs,Sometimes,No,Occasionally,Yes,3,Sometimes,2,5,User-friendly website/app interface,Irrelevant product suggestions,978147,4,1,Frequent Shopper,0
2023/06/04 8:49:49 PM GMT+5:30,34,Male,Less than once a month,others,Rarely,categories,Multiple pages,3,Yes,Rarely,others,Often,Yes,Rarely,No,4,No,2,5,Customer service,UI,553845,1,2,Occasional Shopper,2
2023/06/09 7:27:00 PM GMT+5:30,36,Prefer not to say,Multiple times a week,Groceries and Gourmet Food;Beauty and Personal Care;Home and Kitchen,Multiple times a day,Unknown,Multiple pages,3,No,Often,Changed my mind or no longer need the item,Rarely,Yes,Occasionally,Yes,3,No,2,5,.,User interface of app,498150,5,4,Frequent Shopper,0
2023/06/07 3:56:01 PM GMT+5:30,5,Others,Once a week,Beauty and Personal Care;Clothing and Fashion,Rarely,Unknown,Multiple pages,2,Maybe,Always,High shipping costs,Often,No,Never,Sometimes,1,Yes,1,3,Customer service,Quality of product is very poor according to the big offers,162271,4,5,Occasional Shopper,0
2023/06/11 11:08:35 PM GMT+5:30,30,Prefer not to say,Once a week,Groceries and Gourmet Food;Beauty and Personal Care;Clothing and Fashion;others,Few times a week,Keyword,First page,1,Maybe,Always,others,Sometimes,No,Rarely,Yes,2,No,3,3,Customer service,Customer service responsiveness,542810,4,5,Occasional Shopper,0
2023/06/09 4:31:33 PM GMT+5:30,37,Others,Once a month,Beauty and Personal Care,Few times a week,Unknown,Multiple pages,3,Yes,Never,Changed my mind or no longer need the item,Sometimes,Yes,Never,No,2,No,1,5,Wide product selection,I don't have any problem with Amazon,942285,2,1,Occasional Shopper,2
2023/06/11 2:07:39 PM GMT+5:30,40,Male,Multiple times a week,Beauty and Personal Care;others,Few times a week,others,First page,3,Maybe,Always,others,Always,No,Never,No,3,Yes,5,2,Competitive prices,Add more familiar brands to the list,316617,5,5,Occasional Shopper,3
2023/06/06 6:34:44 PM GMT+5:30,34,Male,Multiple times a week,Groceries and Gourmet Food;Home and Kitchen,Few times a week,Filter,First page,4,Yes,Often,others,Never,Yes,Heavily,Yes,2,Sometimes,1,5,User-friendly website/app interface,Irrelevant product suggestions,313049,5,4,Frequent Shopper,0
2023/06/09 2:23:03 PM GMT+5:30,66,Female,Once a month,Beauty and Personal Care;Clothing and Fashion,Few times a week,Keyword,First page,5,Maybe,Rarely,others,Rarely,Yes,Never,Yes,2,No,4,4,Quick delivery,User interface of app,379137,2,2,Occasional Shopper,2
2023/06/08 5:36:14 PM GMT+5:30,61,Others,Multiple times a week,Beauty and Personal Care;Clothing and Fashion;Home and Kitchen,Few times a week,Unknown,First page,4,No,Often,Changed my mind or no longer need the item,Rarely,Yes,Rarely,Yes,5,Sometimes,1,5,.,Add more familiar brands to the list,442079,5,4,Frequent Shopper,0
2023/06/07 3:08:03 AM GMT+5:30,36,Male,Once a week,Groceries and Gourmet Food;Beauty and Personal Care;Clothing and Fashion;Home and Kitchen,Few times a month,Filter,First page,3,Yes,Never,others,Rarely,Yes,Heavily,Yes,5,Sometimes,5,5,Wide product selection,Irrelevant product suggestions,956948,4,1,Frequent Shopper,0
2023/06/05 8:07:52 PM GMT+5:30,31,Prefer not to say,Once a week,Beauty and Personal Care;Home and Kitchen,Multiple times a day,Unknown,First page,4,No,Often,Changed my mind or no longer need the item,Always,Yes,Moderately,Sometimes,2,Yes,2,3,Competitive prices,No problems with Amazon,126093,4,4,Occasional Shopper,0
2023/06/05 2:24:22 PM GMT+5:30,37,Prefer not to say,Few times a month,Beauty and Personal Care;Home and Kitchen,Few times a month,categories,First page,3,No,Often,High shipping costs,Always,No,Occasionally,Yes,4,No,1,4,Wide product selection,Product quality and accuracy,657879,3,4,Occasional Shopper,0
2023/06/08 5:23:08 PM GMT+5:30,44,Prefer not to say,Once a month,Groceries and Gourmet Food;Beauty and Personal Care,Few times a month,Unknown,Multiple pages,4,No,Never,High shipping costs,Never,Yes,Rarely,Sometimes,2,Sometimes,5,5,.,User interface of app,673357,2,1,Occasional Shopper,2
2023/06/08 5:48:14 PM GMT+5:30,32,Female,Once a week,Groceries and Gourmet Food;Home and Kitchen,Multiple times a day,others,First page,1,Maybe,Rarely,others,Always,Yes,Heavily,No,1,Yes,4,4,.,Scrolling option would be much better than going to next page,755499,4,2,Frequent Shopper,0
2023/06/06 7:40:11 PM GMT+5:30,40,Prefer not to say,Once a month,Groceries and Gourmet Food;Clothing and Fashion;Home and Kitchen;others,Few times a week,others,First page,4,Maybe,Often,Found a better price elsewhere,Always,No,Rarely,Sometimes,5,Yes,1,2,Competitive prices,Add more familiar brands to the list,455885,2,4,Occasional Shopper,1
2023/06/11 11:26:21 PM GMT+5:30,44,Male,Less than once a month,Beauty and Personal Care;Clothing and Fashion,Rarely,others,Multiple pages,4,No,Rarely,Changed my mind or no longer need the item,Sometimes,No,Never,Yes,1,Yes,2,5,Product recommendations,No problems with Amazon,805199,1,2,Occasional Shopper,2
2023/06/09 10:23:45 AM GMT+5:30,64,Male,Once a week,others,Few times a week,Unknown,Multiple pages,4,Maybe,Always,Changed my mind or no longer need the item,Often,Yes,Rarely,Sometimes,5,Sometimes,1,2,Wide product selection,Product quality and accuracy,350385,4,5,Occasional Shopper,3
2023/06/06 8:01:47 PM GMT+5:30,58,Male,Few times a month,Beauty and Personal Care;Clothing and Fashion;Home and Kitchen,Rarely,others,First page,3,Yes,Rarely,High shipping costs,Sometimes,Yes,Heavily,No,1,Yes,1,1,Wide product selection,Nil,148006,3,2,Occasional Shopper,1
2023/06/08 10:24:19 PM GMT+5:30,63,Female,Once a week,Groceries and Gourmet Food;Clothing and Fashion,Few times a week,Keyword,First page,5,Maybe,Sometimes,others,Sometimes,Yes,Never,Yes,5,Yes,1,1,.,Add more familiar brands to the list,766191,4,3,Occasional Shopper,3
2023/06/07 2:16:43 PM GMT+5:30,46,Prefer not to say,Few times a month,Clothing and Fashion;others,Few times a week,others,First page,3,No,Often,others,Never,Yes,Never,Sometimes,2,No,2,5,All the above,No problems with Amazon,555657,3,4,Occasional Shopper,0
2023/06/09 4:32:00 PM GMT+5:30,19,Male,Once a week,Groceries and Gourmet Food,Multiple times a day,categories,Multiple pages,4,Maybe,Often,High shipping costs,Sometimes,Yes,Never,No,1,No,4,3,Customer service,Shipping speed and reliability,703260,4,4,Occasional Shopper,0
2023/06/08 5:59:25 PM GMT+5:30,29,Prefer not to say,Once a week,Groceries and Gourmet Food;Clothing and Fashion,Rarely,Unknown,Multiple pages,1,Maybe,Rarely,Changed my mind or no longer need the item,Never,No,Heavily,No,1,Sometimes,4,1,Product recommendations,Quality of product is very poor according to the big offers,367051,4,2,Occasional Shopper,3
2023/06/12 3:56:57 PM GMT+5:30,43,Others,Few times a month,Beauty and Personal Care;Clothing and Fashion;Home and Kitchen;others,Rarely,Filter,First page,1,No,Often,Changed my mind or no longer need the item,Never,No,Occasionally,No,5,Sometimes,1,2,Product recommendations,User interface,403111,3,4,Occasional Shopper,1
2023/06/09 10:26:26 AM GMT+5:30,6,Male,Once a month,Groceries and Gourmet Food;Clothing and Fashion;Home and Kitchen,Few times a week,categories,First page,4,No,Often,Found a better price elsewhere,Sometimes,Yes,Rarely,Yes,4,Yes,2,3,User-friendly website/app interface,Quality of product is very poor according to the big offers,118365,2,4,Occasional Shopper,2
2023/06/09 10:23:05 AM GMT+5:30,59,Prefer not to say,Few times a month,Clothing and Fashion,Multiple times a day,Filter,First page,5,No,Often,High shipping costs,Never,No,Moderately,Sometimes,5,No,3,4,.,Quality of product is very poor according to the big offers,904365,3,4,Occasional Shopper,0
2023/06/08 10:24:19 PM GMT+5:30,32,Others,Less than once a month,Beauty and Personal Care;Home and Kitchen;others,Few times a month,Filter,Multiple pages,2,No,Often,Changed my mind or no longer need the item,Always,Yes,Never,No,3,Yes,4,5,User-friendly website/app interface,Scrolling option would be much better than going to next page,480337,1,4,Occasional Shopper,2
2023/06/06 6:42:00 PM GMT+5:30,10,Prefer not to say,Few times a month,Clothing and Fashion;others,Few times a week,Keyword,Multiple pages,2,Maybe,Sometimes,High shipping costs,Sometimes,Yes,Rarely,No,2,Sometimes,3,1,Quick delivery,.,886720,3,3,Occasional Shopper,1
2023/06/11 11:24:21 PM GMT+5:30,14,Female,Once a week,Beauty and Personal Care;Home and Kitchen;others,Few times a month,others,Multiple pages,3,Yes,Rarely,Found a better price elsewhere,Often,No,Heavily,No,1,No,3,2,.,Nil,153093,4,2,Occasional Shopper,3
2023/06/11 11:16:18 PM GMT+5:30,13,Prefer not to say,Multiple times a week,Clothing and Fashion;Home and Kitchen,Few times a week,Keyword,First page,5,Yes,Never,Found a better price elsewhere,Rarely,Yes,Heavily,No,1,Yes,4,2,.,Irrelevant product suggestions,968855,5,1,Occasional Shopper,3
2023/06/11 11:26:21 PM GMT+5:30,44,Others,Once a month,Beauty and Personal Care;Clothing and Fashion;Home and Kitchen,Few times a month,Keyword,First page,3,Yes,Always,Found a better price elsewhere,Always,Yes,Never,No,1,Sometimes,5,2,.,Customer service responsiveness,291558,2,5,Occasional Shopper,1
2023/06/12 2:43:30 PM GMT+5:30,62,Male,Less than once a month,Beauty and Personal Care;others,Few times a month,categories,Multiple pages,3,Maybe,Sometimes,Found a better price elsewhere,Sometimes,Yes,Rarely,Sometimes,5,No,2,1,Competitive prices,Quality of product is very poor according to the big offers,566200,1,3,Occasional Shopper,1
2023/06/08 5:39:54 PM GMT+5:30,3,Female,Once a week,Home and Kitchen,Few times a week,Filter,First page,2,Maybe,Always,Found a better price elsewhere,Sometimes,Yes,Heavily,Yes,1,No,4,3,Competitive prices,Reducing packaging waste,903846,4,5,Occasional Shopper,0
2023/06/11 10:57:34 PM GMT+5:30,67,Female,Multiple times a week,Groceries and Gourmet Food,Few times a month,others,Multiple pages,2,No,Often,Found a better price elsewhere,Always,No,Occasionally,Sometimes,3,Sometimes,1,2,All the above,Add more familiar brands to the list,294921,5,4,Occasional Shopper,3
2023/06/05 1:35:41 PM GMT+5:30,58,Others,Once a week,Beauty and Personal Care;Clothing and Fashion;Home and Kitchen;others,Rarely,others,Multiple pages,1,Yes,Sometimes,High shipping costs,Never,No,Rarely,Sometimes,1,Yes,2,5,Quick delivery,UI,534668,4,3,Frequent Shopper,0
2023/06/08 5:30:34 PM GMT+5:30,65,Male,Once a week,Clothing and Fashion;others,Few times a month,Keyword,First page,2,Yes,Rarely,others,Often,No,Rarely,Sometimes,2,No,3,3,Wide product selection,Nil,110454,4,2,Occasional Shopper,0
2023/06/10 11:21:59 PM GMT+5:30,63,Prefer not to say,Few times a month,Beauty and Personal Care,Few times a week,categories,First page,1,Yes,Always,High shipping costs,Sometimes,No,Rarely,Yes,4,Sometimes,3,3,Customer service,UI,856230,3,5,Occasional Shopper,0
2023/06/09 3:16:30 PM GMT+5:30,64,Others,Multiple times a week,others,Multiple times a day,Unknown,First page,1,No,Often,others,Sometimes,No,Never,Yes,5,Yes,5,2,Wide product selection,UI,238361,5,4,Occasional Shopper,3
2023/06/09 12:22:47 PM GMT+5:30,19,Others,Once a week,Groceries and Gourmet Food;Clothing and Fashion;Home and Kitchen;others,Few times a month,categories,First page,5,Yes,Rarely,Changed my mind or no longer need the item,Often,No,Heavily,Yes,3,Sometimes,1,5,Product recommendations,User interface,825479,4,2,Frequent Shopper,0
2023/06/09 10:26:51 AM GMT+5:30,58,Female,Less than once a month,Clothing and Fashion;Home and Kitchen;others,Few times a week,others,Multiple pages,1,No,Sometimes,High shipping costs,Always,No,Heavily,Yes,4,No,2,2,Competitive prices,Irrelevant product suggestions,427250,1,3,Occasional Shopper,1
2023/06/11 11:20:18 PM GMT+5:30,63,Female,Once a month,Groceries and Gourmet Food;Home and Kitchen,Rarely,Keyword,Multiple pages,2,Maybe,Rarely,High shipping costs,Often,Yes,Occasionally,No,2,Yes,4,2,All the above,Reducing packaging waste,190379,2,2,Occasional Shopper,1
2023/06/12 2:51:24 PM GMT+5:30,35,Male,Less than once a month,Groceries and Gourmet Food;Beauty and Personal Care;Home and Kitchen,Rarely,Unknown,First page,3,Yes,Sometimes,Found a better price elsewhere,Rarely,No,Heavily,Sometimes,3,No,1,5,All the above,better app interface and lower shipping charges,147829,1,3,Occasional Shopper,2
2023/06/05 8:46:09 PM GMT+5:30,53,Prefer not to say,Few times a month,Beauty and Personal Care;Home and Kitchen;others,Few times a month,Filter,First page,4,Yes,Often,Found a better price elsewhere,Often,No,Occasionally,Yes,4,Sometimes,2,3,Competitive prices,Customer service responsiveness,803998,3,4,Occasional Shopper,0
2023/06/12 4:00:56 PM GMT+5:30,16,Female,Less than once a month,Home and Kitchen;others,Few times a week,Keyword,First page,1,Maybe,Often,High shipping costs,Always,No,Never,No,3,No,5,5,All the above,User interface of app,621365,1,4,Occasional Shopper,2
2023/06/08 5:30:12 PM GMT+5:30,49,Prefer not to say,Multiple times a week,Home and Kitchen;others,Rarely,others,Multiple pages,3,Maybe,Often,High shipping costs,Sometimes,Yes,Never,Yes,3,Sometimes,1,3,.,Scrolling option would be much better than going to next page,298116,5,4,Occasional Shopper,3
2023/06/07 6:28:35 PM GMT+5:30,8,Others,Once a month,Beauty and Personal Care;Home and Kitchen;others,Multiple times a day,others,Multiple pages,5,Maybe,Always,Found a better price elsewhere,Often,Yes,Rarely,Yes,3,Yes,1,5,User-friendly website/app interface,better app interface and lower shipping charges,427996,2,5,Occasional Shopper,2
2023/06/08 5:24:42 PM GMT+5:30,26,Female,Once a week,Beauty and Personal Care;Clothing and Fashion;Home and Kitchen,Few times a week,others,First page,4,No,Sometimes,Changed my mind or no longer need the item,Rarely,Yes,Moderately,Sometimes,2,Yes,1,3,Wide product selection,UI,326656,4,3,Occasional Shopper,0
2023/06/06 6:43:02 PM GMT+5:30,35,Male,Multiple times a week,Beauty and Personal Care;Home and Kitchen;others,Multiple times a day,Filter,First page,4,Yes,Never,others,Never,Yes,Moderately,Yes,5,Sometimes,2,1,Customer service,Quality of product is very poor according to the big offers,690140,5,1,At Risk,3
2023/06/08 9:39:30 PM GMT+5:30,18,Female,Once a week,Beauty and Personal Care;others,Rarely,Keyword,Multiple pages,2,No,Rarely,Found a better price elsewhere,Often,Yes,Moderately,Yes,1,Yes,5,1,Customer service,Scrolling option would be much better than going to next page,205693,4,2,Occasional Shopper,3
2023/06/11 11:05:38 PM GMT+5:30,22,Others,Less than once a month,Groceries and Gourmet Food,Few times a week,others,First page,5,Yes,Sometimes,Found a better price elsewhere,Rarely,No,Rarely,Yes,3,No,5,3,Quick delivery,Nothing,697829,1,3,Occasional Shopper,2
2023/06/11 9:15:38 PM GMT+5:30,26,Others,Less than once a month,Beauty and Personal Care;others,Multiple times a day,Filter,First page,2,No,Never,others,Always,Yes,Heavily,Yes,1,Yes,3,2,Wide product selection,Shipping speed and reliability,921255,1,1,Occasional Shopper,1
2023/06/08 5:19:23 PM GMT+5:30,50,Male,Once a month,Beauty and Personal Care;Home and Kitchen;others,Few times a month,categories,Multiple pages,5,Yes,Never,others,Never,Yes,Rarely,Yes,5,Yes,5,3,Customer service,Nothing,244090,2,1,Occasional Shopper,2
2023/06/11 11:17:41 PM GMT+5:30,44,Prefer not to say,Multiple times a week,Groceries and Gourmet Food;Clothing and Fashion;Home and Kitchen;others,Few times a week,Unknown,Multiple pages,1,Yes,Sometimes,others,Always,No,Occasionally,Yes,2,Sometimes,3,2,User-friendly website/app interface,Nil,667748,5,3,Occasional Shopper,3
2023/06/11 11:01:04 PM GMT+5:30,46,Male,Once a week,Home and Kitchen;others,Rarely,categories,Multiple pages,2,Yes,Rarely,Found a better price elsewhere,Always,Yes,Rarely,Sometimes,2,Yes,4,4,.,Nil,373549,4,2,Frequent Shopper,0
2023/06/07 2:33:56 PM GMT+5:30,18,Prefer not to say,Few times a month,Beauty and Personal Care,Rarely,categories,First page,5,Yes,Often,Found a better price elsewhere,Rarely,No,Moderately,Sometimes,3,Yes,4,2,Customer service,Add more familiar brands to the list,693845,3,4,Occasional Shopper,1
2023/06/07 9:53:52 PM GMT+5:30,45,Male,Once a month,Beauty and Personal Care;Clothing and Fashion;Home and Kitchen;others,Few times a month,Unknown,Multiple pages,4,Yes,Always,others,Sometimes,Yes,Heavily,No,1,No,2,4,Competitive prices,I have no problem with Amazon yet. But others tell me about the refund issues,720198,2,5,Occasional Shopper,2
2023/06/04 6:01:59 PM GMT+5:30,20,Prefer not to say,Once a week,Groceries and Gourmet Food;Beauty and Personal Care;Clothing and Fashion,Multiple times a day,Unknown,Multiple pages,4,Maybe,Sometimes,others,Always,No,Moderately,No,2,Sometimes,5,2,Wide product selection,Quality of product is very poor according to the big offers,868786,4,3,Occasional Shopper,3
2023/06/08 5:24:42 PM GMT+5:30,36,Others,Once a week,Beauty and Personal Care;Clothing and Fashion;Home and Kitchen,Rarely,others,Multiple pages,5,Maybe,Sometimes,Changed my mind or no longer need the item,Rarely,No,Heavily,Yes,1,Yes,3,5,User-friendly website/app interface,I have no problem with Amazon yet. But others tell me about the refund issues,137842,4,3,Frequent Shopper,0
2023/06/05 10:05:25 PM GMT+5:30,37,Female,Few times a month,Home and Kitchen;others,Rarely,Unknown,Multiple pages,3,Maybe,Rarely,others,Sometimes,Yes,Never,Sometimes,5,Yes,3,3,All the above,Shipping speed and reliability,346143,3,2,Occasional Shopper,0
2023/06/09 4:28:30 PM GMT+5:30,5,Male,Less than once a month,Groceries and Gourmet Food;Beauty and Personal Care;Clothing and Fashion,Few times a week,others,Multiple pages,4,Maybe,Always,Found a better price elsewhere,Rarely,Yes,Occasionally,Yes,2,No,3,1,Customer service,Customer service responsiveness,460338,1,5,Occasional Shopper,1
2023/06/09 2:49:20 PM GMT+5:30,28,Others,Once a week,Clothing and Fashion;Home and Kitchen,Multiple times a day,Keyword,First page,3,No,Always,Found a better price elsewhere,Rarely,No,Occasionally,No,4,No,1,4,Customer service,better app interface and lower shipping charges,261162,4,5,Frequent Shopper,0
2023/06/12 4:03:59 PM GMT+5:30,41,Male,Once a month,others,Rarely,Filter,Multiple pages,1,Yes,Rarely,others,Always,No,Rarely,Sometimes,5,Sometimes,2,4,User-friendly website/app interface,Quality of product is very poor according to the big offers,626646,2,2,Occasional Shopper,2
2023/06/04 9:40:54 PM GMT+5:30,37,Male,Multiple times a week,Groceries and Gourmet Food;Beauty and Personal Care;Clothing and Fashion;Home and Kitchen,Few times a week,Unknown,Multiple pages,2,Maybe,Always,Changed my mind or no longer need the item,Rarely,No,Rarely,No,3,Yes,1,1,User-friendly website/app interface,Irrelevant product suggestions,199040,5,5,Occasional Shopper,3
2023/06/09 3:18:25 PM GMT+5:30,12,Others,Once a week,Groceries and Gourmet Food;Beauty and Personal Care;Home and Kitchen,Multiple times a day,others,Multiple pages,3,Maybe,Always,Changed my mind or no longer need the item,Always,No,Moderately,Yes,3,No,3,5,Customer service,.,340885,4,5,Frequent Shopper,0
2023/06/08 5:23:08 PM GMT+5:30,19,Others,Multiple times a week,Groceries and Gourmet Food;Beauty and Personal Care,Few times a month,Keyword,Multiple pages,3,No,Always,High shipping costs,Always,No,Heavily,No,1,No,2,5,Customer service,Reducing packaging waste,620327,5,5,Frequent Shopper,0
2023/06/04 8:49:49 PM GMT+5:30,63,Prefer not to say,Few times a month,Home and Kitchen,Few times a week,Keyword,First page,5,Maybe,Sometimes,others,Always,No,Never,Yes,4,Sometimes,4,5,Quick delivery,UI,370136,3,3,Occasional Shopper,0
2023/06/12 3:35:24 PM GMT+5:30,58,Others,Once a month,Groceries and Gourmet Food;Beauty and Personal Care;others,Few times a month,Keyword,First page,3,No,Never,Changed my mind or no longer need the item,Never,No,Heavily,No,3,Yes,5,2,.,I have no problem with Amazon yet. But others tell me about the refund issues,218991,2,1,Occasional Shopper,1
2023/06/09 3:09:41 PM GMT+5:30,24,Prefer not to say,Few times a month,Groceries and Gourmet Food;Clothing and Fashion;Home and Kitchen,Few times a month,Filter,First page,5,Maybe,Rarely,others,Sometimes,Yes,Heavily,Yes,1,No,4,3,Customer service,No problems with Amazon,284705,3,2,Occasional Shopper,0
2023/06/04 8:48:59 PM GMT+5:30,31,Others,Once a month,Beauty and Personal Care;Home and Kitchen;others,Multiple times a day,others,First page,5,No,Often,others,Rarely,No,Moderately,No,4,No,3,2,All the above,.,181817,2,4,Occasional Shopper,1
2023/06/08 5:48:14 PM GMT+5:30,66,Prefer not to say,Once a month,Beauty and Personal Care,Rarely,categories,Multiple pages,5,No,Always,others,Always,No,Rarely,No,4,Yes,1,3,Product recommendations,Product quality and accuracy,496797,2,5,Occasional Shopper,2
2023/06/05 10:37:36 AM GMT+5:30,10,Prefer not to say,Multiple times a week,Beauty and Personal Care;Clothing and Fashion,Multiple times a day,others,First page,1,Maybe,Never,High shipping costs,Never,Yes,Moderately,Yes,1,Yes,2,1,Product recommendations,I don't have any problem with Amazon,312080,5,1,At Risk,3
2023/06/04 8:52:49 PM GMT+5:30,59,Others,Less than once a month,Beauty and Personal Care;Home and Kitchen,Few times a month,categories,Multiple pages,3,No,Always,Found a better price elsewhere,Sometimes,Yes,Moderately,No,2,No,3,3,All the above,Irrelevant product suggestions,196589,1,5,Occasional Shopper,2
2023/06/04 6:01:59 PM GMT+5:30,17,Male,Multiple times a week,Clothing and Fashion;Home and Kitchen,Multiple times a day,Filter,First page,1,Yes,Sometimes,High shipping costs,Never,No,Rarely,Yes,4,No,3,5,All the above,Customer service responsiveness,724823,5,3,Frequent Shopper,0
2023/06/09 3:24:36 PM GMT+5:30,17,Prefer not to say,Less than once a month,Groceries and Gourmet Food;Beauty and Personal Care;Clothing and Fashion;others,Few times a month,Keyword,First page,4,No,Often,others,Often,No,Never,Sometimes,3,No,3,3,Product recommendations,User interface,116530,1,4,Occasional Shopper,2
2023/06/07 2:16:43 PM GMT+5:30,22,Male,Less than once a month,Groceries and Gourmet Food;Clothing and Fashion;others,Few times a month,Unknown,First page,2,Maybe,Often,Found a better price elsewhere,Never,No,Occasionally,Yes,2,Yes,5,2,Customer service,Nil,706513,1,4,Occasional Shopper,1
2023/06/12 2:49:47 PM GMT+5:30,14,Female,Multiple times a week,Clothing and Fashion;Home and Kitchen;others,Few times a week,Keyword,Multiple pages,2,Yes,Never,Found a better price elsewhere,Sometimes,Yes,Rarely,Yes,2,Sometimes,3,2,Wide product selection,Nil,118328,5,1,Occasional Shopper,3
2023/06/12 3:55:53 PM GMT+5:30,49,Female,Multiple times a week,Groceries and Gourmet Food;Clothing and Fashion;others,Multiple times a day,Unknown,Multiple pages,2,Yes,Rarely,Changed my mind or no longer need the item,Always,No,Occasionally,Sometimes,3,Yes,4,1,All the above,Product quality and accuracy,900434,5,2,Occasional Shopper,3
2023/06/09 3:22:15 PM GMT+5:30,36,Female,Less than once a month,Groceries and Gourmet Food;Clothing and Fashion;others,Few times a week,categories,Multiple pages,1,Maybe,Often,others,Always,Yes,Never,Sometimes,5,No,3,1,Product recommendations,Nil,384599,1,4,Occasional Shopper,1
2023/06/05 1:10:59 PM GMT+5:30,15,Male,Few times a month,Beauty and Personal Care;others,Few times a week,categories,First page,4,Yes,Always,others,Rarely,Yes,Occasionally,No,4,No,5,1,Competitive prices,Shipping speed and reliability,122163,3,5,Occasional Shopper,1
2023/06/07 9:19:32 PM GMT+5:30,9,Male,Once a week,Groceries and Gourmet Food,Multiple times a day,categories,First page,2,Maybe,Always,High shipping costs,Often,No,Moderately,Yes,2,Yes,5,3,Wide product selection,Product quality and accuracy,771756,4,5,Occasional Shopper,0
2023/06/07 11:47:07 AM GMT+5:30,36,Male,Multiple times a week,Groceries and Gourmet Food;Beauty and Personal Care;Clothing and Fashion;Home and Kitchen;others,Few times a month,Filter,Multiple pages,2,No,Always,Changed my mind or no longer need the item,Never,Yes,Occasionally,Yes,5,Sometimes,2,5,.,Shipping speed and reliability,702724,5,5,Frequent Shopper,0
2023/06/04 8:45:45 PM GMT+5:30,25,Prefer not to say,Once a week,Groceries and Gourmet Food;Beauty and Personal Care;Clothing and Fashion;Home and Kitchen,Multiple times a day,Unknown,First page,3,No,Rarely,Changed my mind or no longer need the item,Sometimes,No,Never,Yes,4,Yes,1,5,Customer service,No problems with Amazon,268748,4,2,Frequent Shopper,0
2023/06/08 5:14:30 PM GMT+5:30,4,Prefer not to say,Multiple times a week,Groceries and Gourmet Food;Beauty and Personal Care;Clothing and Fashion;Home and Kitchen;others,Few times a month,Unknown,Multiple pages,5,Yes,Rarely,Changed my mind or no longer need the item,Always,Yes,Rarely,Sometimes,5,No,1,2,All the above,better app interface and lower shipping charges,830786,5,2,Occasional Shopper,3
2023/06/06 6:51:13 PM GMT+5:30,62,Male,Less than once a month,Groceries and Gourmet Food;Beauty and Personal Care;Clothing and Fashion;others,Few times a month,categories,Multiple pages,4,Yes,Sometimes,Changed my mind or no longer need the item,Never,No,Moderately,Sometimes,4,No,5,5,Quick delivery,User interface,397618,1,3,Occasional Shopper,2
2023/06/07 10:09:17 PM GMT+5:30,59,Male,Once a month,Groceries and Gourmet Food;Beauty and Personal Care;Clothing and Fashion;Home and Kitchen;others,Few times a week,others,Multiple pages,3,No,Often,Changed my mind or no longer need the item,Never,No,Occasionally,No,3,No,4,1,Product recommendations,Irrelevant product suggestions,834830,2,4,Occasional Shopper,1
2023/06/11 10:49:49 PM GMT+5:30,25,Female,Few times a month,Groceries and Gourmet Food;Home and Kitchen;others,Few times a month,Filter,First page,1,Maybe,Often,Changed my mind or no longer need the item,Rarely,No,Rarely,No,2,No,1,1,All the above,.,339644,3,4,Occasional Shopper,1
2023/06/11 10:43:19 PM GMT+5:30,62,Female,Less than once a month,Beauty and Personal Care;others,Few times a week,Unknown,First page,3,No,Sometimes,others,Always,No,Occasionally,No,4,No,4,1,Competitive prices,Scrolling option would be much better than going to next page,168565,1,3,Occasional Shopper,1
2023/06/07 6:31:23 PM GMT+5:30,19,Prefer not to say,Less than once a month,Clothing and Fashion;Home and Kitchen,Rarely,categories,Multiple pages,2,Yes,Never,others,Sometimes,Yes,Moderately,Sometimes,3,Yes,2,3,Product recommendations,Reducing packaging waste,258984,1,1,Occasional Shopper,2
2023/06/09 10:30:39 AM GMT+5:30,18,Female,Few times a month,Beauty and Personal Care;others,Rarely,others,First page,2,Maybe,Never,Changed my mind or no longer need the item,Sometimes,No,Moderately,Sometimes,5,Yes,4,1,.,Customer service responsiveness,492435,3,1,At Risk,1
2023/06/08 6:01:33 PM GMT+5:30,24,Male,Once a month,Clothing and Fashion;Home and Kitchen;others,Multiple times a day,Filter,Multiple pages,3,No,Never,others,Always,No,Occasionally,Yes,4,Yes,2,2,Quick delivery,User interface of app,601843,2,1,Occasional Shopper,1
2023/06/11 11:04:17 PM GMT+5:30,45,Others,Less than once a month,Home and Kitchen,Few times a month,Filter,Multiple pages,3,Maybe,Sometimes,others,Never,No,Rarely,Yes,5,No,2,5,User-friendly website/app interface,Nothing,298319,1,3,Occasional Shopper,2
2023/06/09 2:42:57 PM GMT+5:30,50,Prefer not to say,Multiple times a week,Groceries and Gourmet Food;Clothing and Fashion,Few times a week,Filter,First page,1,No,Sometimes,Changed my mind or no longer need the item,Often,No,Occasionally,Sometimes,3,Sometimes,5,5,All the above,Irrelevant product suggestions,805537,5,3,Frequent Shopper,0
2023/06/07 1:04:07 PM GMT+5:30,9,Prefer not to say,Less than once a month,Home and Kitchen,Multiple times a day,Unknown,Multiple pages,2,Maybe,Always,Found a better price elsewhere,Never,No,Heavily,No,1,Sometimes,1,2,All the above,UI,771060,1,5,Occasional Shopper,1
2023/06/12 9:40:22 AM GMT+5:30,23,Prefer not to say,Multiple times a week,Groceries and Gourmet Food;Beauty and Personal Care;Clothing and Fashion;others,Few times a week,others,Multiple pages,3,No,Always,Changed my mind or no longer need the item,Never,Yes,Moderately,Sometimes,3,Sometimes,5,2,All the above,Customer service responsiveness,745565,5,5,Occasional Shopper,3
2023/06/05 8:50:24 PM GMT+5:30,58,Others,Less than once a month,Groceries and Gourmet Food;Clothing and Fashion;Home and Kitchen;others,Few times a week,Filter,Multiple pages,3,Yes,Often,others,Always,Yes,Never,Sometimes,3,Sometimes,5,4,User-friendly website/app interface,Scrolling option would be much better than going to next page,656161,1,4,Occasional Shopper,2
2023/06/07 2:19:05 PM GMT+5:30,48,Male,Once a week,Beauty and Personal Care;Clothing and Fashion;others,Few times a month,Filter,First page,3,No,Sometimes,High shipping costs,Always,Yes,Occasionally,No,5,Sometimes,5,2,User-friendly website/app interface,User interface,572096,4,3,Occasional Shopper,3
2023/06/08 5:42:27 PM GMT+5:30,38,Male,Once a week,others,Few times a week,Keyword,Multiple pages,4,Yes,Always,others,Rarely,No,Rarely,No,1,Yes,2,3,Customer service,better app interface and lower shipping charges,553456,4,5,Occasional Shopper,0
2023/06/05 10:36:38 AM GMT+5:30,28,Prefer not to say,Few times a month,Beauty and Personal Care;Home and Kitchen,Rarely,Keyword,First page,2,No,Always,Changed my mind or no longer need the item,Never,No,Moderately,Yes,3,Sometimes,3,4,Wide product selection,Nothing,355780,3,5,Occasional Shopper,0
2023/06/05 9:56:08 PM GMT+5:30,25,Prefer not to say,Once a week,Groceries and Gourmet Food;Clothing and Fashion;Home and Kitchen;others,Rarely,Filter,Multiple pages,3,Maybe,Sometimes,Found a better price elsewhere,Sometimes,Yes,Never,Yes,5,No,3,4,User-friendly website/app interface,Quality of product is very poor according to the big offers,316955,4,3,Frequent Shopper,0
2023/06/06 10:36:14 AM GMT+5:30,57,Male,Once a week,Groceries and Gourmet Food;Beauty and Personal Care;Clothing and Fashion;others,Rarely,Filter,Multiple pages,1,No,Rarely,others,Often,Yes,Never,Sometimes,5,No,5,2,All the above,.,366987,4,2,Occasional Shopper,3
2023/06/06 7:17:17 PM GMT+5:30,45,Male,Few times a month,Home and Kitchen;others,Rarely,categories,Multiple pages,3,Yes,Never,High shipping costs,Sometimes,No,Moderately,Yes,4,No,2,3,Customer service,Nil,833793,3,1,Occasional Shopper,0
2023/06/05 9:56:02 PM GMT+5:30,52,Female,Once a month,Groceries and Gourmet Food;Beauty and Personal Care;Home and Kitchen,Multiple times a day,Unknown,Multiple pages,5,Maybe,Always,Found a better price elsewhere,Sometimes,Yes,Rarely,Sometimes,4,Yes,3,4,Customer service,UI,259093,2,5,Occasional Shopper,2
2023/06/07 2:33:56 PM GMT+5:30,6,Male,Multiple times a week,Groceries and Gourmet Food;Beauty and Personal Care;Clothing and Fashion;others,Multiple times a day,others,Multiple pages,2,No,Rarely,Changed my mind or no longer need the item,Sometimes,Yes,Heavily,No,3,No,2,4,Quick delivery,better app interface and lower shipping charges,675241,5,2,Frequent Shopper,0
2023/06/11 10:53:44 PM GMT+5:30,63,Others,Once a month,Groceries and Gourmet Food;Beauty and Personal Care;Clothing and Fashion,Few times a week,Filter,Multiple pages,4,Maybe,Rarely,others,Often,Yes,Moderately,Yes,5,Yes,3,1,User-friendly website/app interface,Irrelevant product suggestions,263951,2,2,Occasional Shopper,1
2023/06/11 10:58:52 PM GMT+5:30,61,Prefer not to say,Multiple times a week,Beauty and Personal Care,Few times a month,others,Multiple pages,4,No,Always,Found a better price elsewhere,Always,No,Moderately,No,2,Sometimes,4,5,Competitive prices,I have no problem with Amazon yet. But others tell me about the refund issues,956240,5,5,Frequent Shopper,0
2023/06/08 5:07:19 PM GMT+5:30,31,Others,Few times a month,Groceries and Gourmet Food,Rarely,Unknown,Multiple pages,2,Maybe,Often,others,Never,Yes,Occasionally,Sometimes,4,No,1,5,Competitive prices,Quality of product is very poor according to the big offers,416019,3,4,Occasional Shopper,0
2023/06/12 3:40:25 PM GMT+5:30,26,Female,Few times a month,Groceries and Gourmet Food;Beauty and Personal Care;Clothing and Fashion;Home and Kitchen;others,Few times a month,others,First page,4,Maybe,Never,others,Often,Yes,Never,Yes,3,Sometimes,2,1,Product recommendations,UI,335992,3,1,At Risk,1
2023/06/09 7:28:09 PM GMT+5:30,51,Female,Multiple times a week,Home and Kitchen;others,Rarely,Keyword,Multiple pages,1,Yes,Often,others,Rarely,Yes,Moderately,Yes,2,Sometimes,2,2,.,Shipping speed and reliability,226969,5,4,Occasional Shopper,3
2023/06/05 8:52:01 PM GMT+5:30,20,Others,Less than once a month,Groceries and Gourmet Food;Beauty and Personal Care;Clothing and Fashion;others,Multiple times a day,Filter,First page,4,Maybe,Sometimes,Changed my mind or no longer need the item,Rarely,No,Never,No,2,No,1,2,Product recommendations,Nil,294056,1,3,Occasional Shopper,1
2023/06/12 2:43:30 PM GMT+5:30,63,Others,Less than once a month,Groceries and Gourmet Food,Few times a month,Filter,Multiple pages,1,No,Never,others,Often,No,Heavily,No,1,Yes,1,2,.,.,576401,1,1,Occasional Shopper,1
2023/06/06 7:10:14 PM GMT+5:30,20,Others,Once a week,Groceries and Gourmet Food;Beauty and Personal Care;others,Few times a month,Unknown,First page,3,No,Never,Found a better price elsewhere,Rarely,Yes,Moderately,Sometimes,3,Sometimes,2,4,User-friendly website/app interface,Customer service responsiveness,806742,4,1,Frequent Shopper,0
2023/06/09 2:44:09 PM GMT+5:30,5,Prefer not to say,Once a month,Groceries and Gourmet Food;Beauty and Personal Care;others,Multiple times a day,Unknown,First page,5,Maybe,Often,High shipping costs,Sometimes,Yes,Moderately,Sometimes,1,No,3,5,Quick delivery,UI,698125,2,4,Occasional Shopper,2
2023/06/05 2:56:10 AM GMT+5:30,19,Female,Less than once a month,Groceries and Gourmet Food;Home and Kitchen,Multiple times a day,Keyword,Multiple pages,4,Maybe,Often,High shipping costs,Often,No,Heavily,Yes,1,Yes,2,1,User-friendly website/app interface,Scrolling option would be much better than going to next page,664216,1,4,Occasional Shopper,1
2023/06/11 11:21:30 PM GMT+5:30,33,Prefer not to say,Less than once a month,Groceries and Gourmet Food;Home and Kitchen;others,Few times a week,Keyword,Multiple pages,5,Yes,Sometimes,Found a better price elsewhere,Often,Yes,Never,Sometimes,1,Yes,4,1,Competitive prices,I have no problem with Amazon yet. But others tell me about the refund issues,894209,1,3,Occasional Shopper,1
2023/06/06 7:31:34 PM GMT+5:30,23,Female,Once a month,others,Rarely,Filter,Multiple pages,1,Yes,Never,Found a better price elsewhere,Sometimes,No,Moderately,No,2,No,2,1,.,Nil,605978,2,1,At Risk,1
2023/06/08 5:35:25 PM GMT+5:30,43,Prefer not to say,Few times a month,Groceries and Gourmet Food;Clothing and Fashion;others,Rarely,Unknown,Multiple pages,1,No,Sometimes,High shipping costs,Often,Yes,Occasionally,Yes,4,Sometimes,5,5,Product recommendations,Product quality and accuracy,968812,3,3,Occasional Shopper,0
2023/06/07 10:58:04 PM GMT+5:30,34,Prefer not to say,Once a week,Clothing and Fashion;Home and Kitchen;others,Rarely,categories,Multiple pages,1,Yes,Often,High shipping costs,Sometimes,No,Rarely,No,1,No,3,5,Customer service,I don't have any problem with Amazon,111812,4,4,Frequent Shopper,0
2023/06/09 3:18:25 PM GMT+5:30,65,Male,Once a week,Groceries and Gourmet Food;Home and Kitchen;others,Rarely,Filter,Multiple pages,3,Yes,Never,others,Often,No,Heavily,Yes,4,Yes,2,3,Product recommendations,User interface of app,836522,4,1,Occasional Shopper,0
2023/06/08 9:40:24 PM GMT+5:30,43,Prefer not to say,Multiple times a week,Groceries and Gourmet Food;Clothing and Fashion,Few times a week,categories,First page,3,No,Rarely,Found a better price elsewhere,Never,No,Heavily,No,2,Sometimes,4,3,All the above,Scrolling option would be much better than going to next page,194090,5,2,Occasional Shopper,3
2023/06/07 1:33:51 PM GMT+5:30,44,Prefer not to say,Multiple times a week,Groceries and Gourmet Food;Beauty and Personal Care;Clothing and Fashion,Few times a week,categories,Multiple pages,1,Maybe,Rarely,Changed my mind or no longer need the item,Always,No,Moderately,Sometimes,3,No,1,1,Quick delivery,No problems with Amazon,238251,5,2,Occasional Shopper,3
2023/06/11 10:47:42 PM GMT+5:30,66,Prefer not to say,Once a month,Beauty and Personal Care;others,Multiple times a day,Filter,Multiple pages,3,No,Always,Changed my mind or no longer need the item,Often,No,Moderately,No,1,Yes,3,4,User-friendly website/app interface,I don't have any problem with Amazon,319657,2,5,Occasional Shopper,2
2023/06/12 3:44:16 PM GMT+5:30,34,Male,Few times a month,Groceries and Gourmet Food,Few times a week,Filter,Multiple pages,4,Yes,Sometimes,others,Sometimes,No,Rarely,Sometimes,1,No,1,1,All the above,No problems with Amazon,262432,3,3,Occasional Shopper,1
2023/06/11 11:20:18 PM GMT+5:30,63,Male,Less than once a month,others,Rarely,Keyword,First page,3,No,Always,others,Sometimes,Yes,Never,No,2,Yes,5,3,User-friendly website/app interface,Product quality and accuracy,203667,1,5,Occasional Shopper,2
2023/06/09 8:10:05 AM GMT+5:30,14,Female,Once a week,Groceries and Gourmet Food,Few times a week,Keyword,Multiple pages,1,Yes,Rarely,others,Rarely,No,Never,Sometimes,4,Yes,3,1,Wide product selection,Irrelevant product suggestions,352764,4,2,Occasional Shopper,3
2023/06/06 6:38:03 PM GMT+5:30,65,Female,Multiple times a week,Beauty and Personal Care;Home and Kitchen;others,Few times a week,Keyword,Multiple pages,3,No,Often,Found a better price elsewhere,Sometimes,No,Occasionally,No,1,Yes,1,2,User-friendly website/app interface,Scrolling option would be much better than going to next page,126396,5,4,Occasional Shopper,3
2023/06/08 10:24:19 PM GMT+5:30,60,Male,Once a week,Groceries and Gourmet Food;Beauty and Personal Care;Clothing and Fashion;Home and Kitchen;others,Rarely,Keyword,Multiple pages,3,Maybe,Rarely,High shipping costs,Sometimes,Yes,Never,Yes,1,No,2,4,All the above,User interface of app,772805,4,2,Frequent Shopper,0
2023/06/08 3:29:26 AM GMT+5:30,8,Female,Multiple times a week,Beauty and Personal Care,Few times a week,Filter,First page,4,Maybe,Sometimes,Changed my mind or no longer need the item,Sometimes,No,Moderately,Sometimes,1,Yes,1,3,All the above,Nil,339017,5,3,Occasional Shopper,3
2023/06/09 4:33:19 PM GMT+5:30,4,Female,Less than once a month,Beauty and Personal Care;Home and Kitchen,Rarely,Keyword,Multiple pages,2,Maybe,Often,Changed my mind or no longer need the item,Rarely,No,Moderately,No,4,No,2,5,Product recommendations,Add more familiar brands to the list,507752,1,4,Occasional Shopper,2
2023/06/07 12:23:07 PM GMT+5:30,58,Others,Once a month,Beauty and Personal Care;Clothing and Fashion;Home and Kitchen,Few times a month,Unknown,Multiple pages,4,Yes,Sometimes,Found a better price elsewhere,Often,No,Never,Sometimes,3,Yes,3,5,.,Nothing,410571,2,3,Occasional Shopper,2
2023/06/05 2:10:33 PM GMT+5:30,43,Others,Few times a month,Clothing and Fashion,Multiple times a day,Unknown,Multiple pages,4,Yes,Often,others,Rarely,Yes,Rarely,No,5,No,5,5,Product recommendations,Nothing,871757,3,4,Occasional Shopper,0
2023/06/11 10:48:27 PM GMT+5:30,38,Prefer not to say,Multiple times a week,Groceries and Gourmet Food;Home and Kitchen;others,Multiple times a day,Keyword,First page,4,Yes,Never,High shipping costs,Sometimes,No,Heavily,Sometimes,2,No,1,3,Quick delivery,better app interface and lower shipping charges,911979,5,1,Occasional Shopper,3
2023/06/06 6:43:32 PM GMT+5:30,8,Female,Once a month,Groceries and Gourmet Food;Clothing and Fashion;Home and Kitchen,Few times a week,Keyword,First page,1,Yes,Always,Changed my mind or no longer need the item,Sometimes,Yes,Heavily,No,1,Sometimes,3,1,User-friendly website/app interface,Product quality and accuracy,889185,2,5,Occasional Shopper,1
2023/06/12 3:27:59 PM GMT+5:30,37,Others,Once a month,Groceries and Gourmet Food;Clothing and Fashion,Few times a week,Filter,First page,3,No,Sometimes,others,Often,Yes,Occasionally,Sometimes,5,No,1,4,.,Product quality and accuracy,909111,2,3,Occasional Shopper,2
2023/06/07 10:16:22 PM GMT+5:30,51,Male,Once a month,Groceries and Gourmet Food;Beauty and Personal Care;Clothing and Fashion;others,Few times a month,categories,Multiple pages,5,Yes,Often,High shipping costs,Never,No,Heavily,Sometimes,2,No,4,5,Customer service,Customer service responsiveness,123280,2,4,Occasional Shopper,2
2023/06/05 2:17:45 PM GMT+5:30,30,Female,Once a month,Groceries and Gourmet Food;Home and Kitchen,Multiple times a day,Keyword,First page,5,Yes,Always,Changed my mind or no longer need the item,Rarely,Yes,Rarely,No,5,No,2,4,Product recommendations,Quality of product is very poor according to the big offers,653308,2,5,Occasional Shopper,2
2023/06/05 1:35:41 PM GMT+5:30,9,Others,Once a month,Beauty and Personal Care;Clothing and Fashion;others,Rarely,categories,Multiple pages,4,Maybe,Sometimes,Found a better price elsewhere,Often,No,Moderately,Sometimes,4,Sometimes,4,1,Wide product selection,No problems with Amazon,949176,2,3,Occasional Shopper,1
2023/06/07 9:25:35 AM GMT+5:30,31,Female,Less than once a month,Clothing and Fashion;others,Few times a week,categories,Multiple pages,2,No,Never,others,Rarely,Yes,Occasionally,Sometimes,4,Sometimes,2,5,Customer service,Quality of product is very poor according to the big offers,201192,1,1,Occasional Shopper,2
2023/06/09 9:34:44 AM GMT+5:30,7,Female,Multiple times a week,Groceries and Gourmet Food;Clothing and Fashion;Home and Kitchen;others,Multiple times a day,others,First page,1,Yes,Always,Found a better price elsewhere,Never,No,Never,Sometimes,4,Sometimes,2,2,All the above,Nothing,344198,5,5,Occasional Shopper,3
2023/06/07 9:25:35 AM GMT+5:30,14,Prefer not to say,Multiple times a week,Groceries and Gourmet Food;Clothing and Fashion,Multiple times a day,categories,First page,3,Maybe,Never,Found a better price elsewhere,Often,Yes,Occasionally,Sometimes,1,Yes,1,3,Product recommendations,Quality of product is very poor according to the big offers,290492,5,1,Occasional Shopper,3
2023/06/07 6:29:14 PM GMT+5:30,30,Others,Multiple times a week,Groceries and Gourmet Food;Clothing and Fashion;Home and Kitchen;others,Rarely,others,Multiple pages,2,No,Always,High shipping costs,Sometimes,No,Moderately,Sometimes,3,Sometimes,1,4,User-friendly website/app interface,UI,361818,5,5,Frequent Shopper,0
2023/06/11 11:20:57 PM GMT+5:30,46,Others,Multiple times a week,Beauty and Personal Care;Clothing and Fashion,Few times a week,Keyword,First page,3,Yes,Often,Found a better price elsewhere,Never,No,Rarely,Yes,3,No,3,1,Wide product selection,Nil,726037,5,4,Occasional Shopper,3
2023/06/04 11:09:27 PM GMT+5:30,41,Female,Once a month,Home and Kitchen,Few times a month,Keyword,First page,5,No,Often,High shipping costs,Always,No,Occasionally,No,3,No,3,2,Customer service,better app interface and lower shipping charges,925850,2,4,Occasional Shopper,1
2023/06/07 10:41:10 PM GMT+5:30,65,Female,Once a month,Clothing and Fashion,Multiple times a day,Keyword,First page,3,Yes,Often,Found a better price elsewhere,Always,Yes,Occasionally,Sometimes,2,No,1,1,Customer service,Nil,272559,2,4,Occasional Shopper,1
2023/06/12 2:49:47 PM GMT+5:30,45,Female,Less than once a month,Clothing and Fashion;Home and Kitchen,Rarely,Filter,First page,4,Maybe,Always,High shipping costs,Rarely,No,Heavily,No,4,No,1,2,Customer service,Customer service responsiveness,681954,1,5,Occasional Shopper,1
2023/06/09 4:28:58 PM GMT+5:30,18,Male,Less than once a month,Beauty and Personal Care;Home and Kitchen;others,Multiple times a day,Filter,First page,2,Yes,Never,High shipping costs,Always,Yes,Heavily,No,4,Yes,1,4,Quick delivery,I don't have any problem with Amazon,275574,1,1,Occasional Shopper,2
2023/06/04 9:10:08 PM GMT+5:30,51,Others,Once a month,Clothing and Fashion,Multiple times a day,Unknown,First page,3,No,Never,others,Often,Yes,Moderately,Yes,1,No,1,2,Wide product selection,I don't have any problem with Amazon,794254,2,1,Occasional Shopper,1
2023/06/07 1:00:08 PM GMT+5:30,5,Male,Few times a month,Clothing and Fashion,Multiple times a day,categories,First page,2,Yes,Always,Found a better price elsewhere,Sometimes,Yes,Rarely,Sometimes,1,Yes,5,4,Customer service,Product quality and accuracy,569157,3,5,Occasional Shopper,0
2023/06/09 4:33:19 PM GMT+5:30,19,Others,Once a month,Clothing and Fashion;Home and Kitchen;others,Rarely,others,First page,2,Yes,Never,Changed my mind or no longer need the item,Sometimes,Yes,Rarely,Yes,2,Yes,4,2,.,Scrolling option would be much better than going to next page,174079,2,1,Occasional Shopper,1
2023/06/12 3:59:10 PM GMT+5:30,37,Prefer not to say,Few times a month,Groceries and Gourmet Food;Home and Kitchen,Rarely,others,Multiple pages,1,Yes,Often,High shipping costs,Never,No,Rarely,Sometimes,1,Sometimes,3,2,Wide product selection,better app interface and lower shipping charges,576206,3,4,Occasional Shopper,1
2023/06/06 6:43:32 PM GMT+5:30,50,Female,Less than once a month,Groceries and Gourmet Food;Beauty and Personal Care;Home and Kitchen,Few times a week,Keyword,First page,1,Maybe,Sometimes,Found a better price elsewhere,Never,No,Heavily,Yes,1,Yes,4,2,Customer service,Customer service responsiveness,417229,1,3,Occasional Shopper,1
2023/06/07 12:01:15 PM GMT+5:30,44,Prefer not to say,Multiple times a week,Groceries and Gourmet Food;Beauty and Personal Care;Home and Kitchen,Multiple times a day,Unknown,Multiple pages,2,Yes,Sometimes,Found a better price elsewhere,Always,No,Occasionally,Yes,2,Sometimes,4,4,.,User interface,545405,5,3,Frequent Shopper,0
2023/06/07 10:07:42 PM GMT+5:30,15,Male,Once a month,Groceries and Gourmet Food;Home and Kitchen,Rarely,Unknown,First page,3,Yes,Often,Changed my mind or no longer need the item,Sometimes,No,Heavily,Sometimes,5,Yes,5,5,Competitive prices,Scrolling option would be much better than going to next page,971092,2,4,Occasional Shopper,2
2023/06/08 5:30:12 PM GMT+5:30,36,Prefer not to say,Once a week,Beauty and Personal Care;Clothing and Fashion,Multiple times a day,Keyword,First page,5,Maybe,Sometimes,Found a better price elsewhere,Never,No,Heavily,Sometimes,4,No,3,5,All the above,.,418021,4,3,Frequent Shopper,0
2023/06/08 5:19:41 PM GMT+5:30,17,Male,Multiple times a week,Clothing and Fashion;Home and Kitchen,Rarely,Filter,First page,4,Maybe,Sometimes,Found a better price elsewhere,Sometimes,Yes,Rarely,Yes,2,Sometimes,4,3,User-friendly website/app interface,Shipping speed and reliability,226649,5,3,Occasional Shopper,3
2023/06/11 11:20:18 PM GMT+5:30,55,Prefer not to say,Once a week,Beauty and Personal Care;Clothing and Fashion;others,Multiple times a day,Filter,Multiple pages,3,No,Rarely,Changed my mind or no longer need the item,Rarely,No,Moderately,Sometimes,5,Sometimes,4,5,Competitive prices,I have no problem with Amazon yet. But others tell me about the refund issues,575180,4,2,Frequent Shopper,0
2023/06/07 9:25:35 AM GMT+5:30,58,Others,Few times a month,Groceries and Gourmet Food;Beauty and Personal Care;Clothing and Fashion;others,Few times a month,others,First page,1,No,Often,High shipping costs,Never,No,Moderately,No,1,Yes,2,2,Customer service,Nil,846821,3,4,Occasional Shopper,1
2023/06/04 8:00:11 PM GMT+5:30,52,Male,Once a week,Beauty and Personal Care;Clothing and Fashion,Multiple times a day,Filter,First page,5,Maybe,Sometimes,Found a better price elsewhere,Sometimes,Yes,Never,No,1,Sometimes,2,5,Customer service,Customer service responsiveness,918632,4,3,Frequent Shopper,0
2023/06/06 11:49:21 AM GMT+5:30,45,Others,Less than once a month,Beauty and Personal Care;others,Rarely,Unknown,Multiple pages,1,Yes,Never,Found a better price elsewhere,Sometimes,Yes,Rarely,Sometimes,4,Sometimes,1,5,Competitive prices,Irrelevant product suggestions,524592,1,1,Occasional Shopper,2
2023/06/09 10:24:58 AM GMT+5:30,59,Prefer not to say,Once a week,Groceries and Gourmet Food;Clothing and Fashion;others,Few times a month,others,Multiple pages,1,Yes,Often,others,Sometimes,Yes,Occasionally,No,2,No,5,1,Competitive prices,Nil,220064,4,4,Occasional Shopper,3
2023/06/08 2:21:41 PM GMT+5:30,41,Female,Once a week,Beauty and Personal Care;Clothing and Fashion;Home and Kitchen;others,Multiple times a day,categories,Multiple pages,5,Maybe,Often,others,Always,No,Heavily,Sometimes,4,No,1,3,Competitive prices,I have no problem with Amazon yet. But others tell me about the refund issues,979208,4,4,Occasional Shopper,0
2023/06/05 2:56:10 AM GMT+5:30,4,Prefer not to say,Less than once a month,Groceries and Gourmet Food;Clothing and Fashion;Home and Kitchen,Few times a week,Unknown,First page,2,No,Sometimes,Changed my mind or no longer need the item,Never,No,Occasionally,No,3,Sometimes,2,3,Quick delivery,Reducing packaging waste,220422,1,3,Occasional Shopper,2
2023/06/04 10:37:00 PM GMT+5:30,45,Others,Few times a month,Clothing and Fashion;Home and Kitchen;others,Rarely,categories,First page,3,Yes,Never,others,Sometimes,Yes,Rarely,Yes,5,No,5,2,Product recommendations,Nil,926517,3,1,Occasional Shopper,1
2023/06/11 11:09:33 PM GMT+5:30,53,Others,Few times a month,Groceries and Gourmet Food;Beauty and Personal Care;Clothing and Fashion;others,Rarely,Unknown,Multiple pages,2,Maybe,Never,High shipping costs,Always,Yes,Heavily,Sometimes,3,Yes,4,4,All the above,No problems with Amazon,743448,3,1,Occasional Shopper,0
2023/06/05 10:37:36 AM GMT+5:30,64,Female,Less than once a month,Groceries and Gourmet Food;Beauty and Personal Care;Clothing and Fashion;others,Few times a month,Filter,First page,2,No,Sometimes,others,Rarely,No,Heavily,No,4,No,3,5,Competitive prices,Reducing packaging waste,627838,1,3,Occasional Shopper,2
2023/06/07 6:30:43 PM GMT+5:30,4,Male,Once a month,Groceries and Gourmet Food;Beauty and Personal Care;Clothing and Fashion;Home and Kitchen;others,Few times a week,Keyword,First page,3,Yes,Never,Found a better price elsewhere,Always,No,Heavily,Yes,5,Sometimes,5,3,Customer service,.,184290,2,1,Occasional Shopper,2
2023/06/11 11:28:26 PM GMT+5:30,33,Others,Once a month,Groceries and Gourmet Food;Beauty and Personal Care;Clothing and Fashion;Home and Kitchen,Few times a week,others,Multiple pages,5,No,Often,Found a better price elsewhere,Always,Yes,Heavily,Sometimes,5,Yes,5,2,Customer service,better app interface and lower shipping charges,851844,2,4,Occasional Shopper,1
2023/06/11 10:52:06 PM GMT+5:30,29,Male,Once a month,Beauty and Personal Care;Clothing and Fashion,Few times a week,Unknown,First page,1,Yes,Rarely,High shipping costs,Sometimes,Yes,Rarely,Yes,2,No,4,3,All the above,Product quality and accuracy,132974,2,2,Occasional Shopper,2
2023/06/08 5:59:25 PM GMT+5:30,19,Male,Once a month,Clothing and Fashion;Home and Kitchen;others,Few times a month,categories,First page,2,No,Rarely,High shipping costs,Always,No,Moderately,No,1,No,1,3,Quick delivery,I have no problem with Amazon yet. But others tell me about the refund issues,123101,2,2,Occasional Shopper,2
2023/06/07 5:58:12 PM GMT+5:30,33,Female,Less than once a month,others,Rarely,Keyword,Multiple pages,5,Maybe,Sometimes,Found a better price elsewhere,Sometimes,No,Heavily,Yes,2,No,5,3,Wide product selection,better app interface and lower shipping charges,429187,1,3,Occasional Shopper,2
2023/06/09 4:31:33 PM GMT+5:30,5,Prefer not to say,Once a week,others,Multiple times a day,Filter,Multiple pages,5,Yes,Often,High shipping costs,Always,Yes,Moderately,Sometimes,5,No,3,3,Wide product selection,Quality of product is very poor according to the big offers,495288,4,4,Occasional Shopper,0
2023/06/07 10:10:58 PM GMT+5:30,24,Male,Once a week,Clothing and Fashion;Home and Kitchen,Multiple times a day,others,First page,5,Maybe,Never,High shipping costs,Rarely,Yes,Moderately,Sometimes,4,Yes,2,5,All the above,I don't have any problem with Amazon,837831,4,1,Frequent Shopper,0
2023/06/09 7:22:11 PM GMT+5:30,40,Male,Few times a month,Clothing and Fashion,Rarely,categories,Multiple pages,4,Yes,Often,others,Sometimes,No,Occasionally,No,1,Sometimes,2,1,Product recommendations,I have no problem with Amazon yet. But others tell me about the refund issues,285095,3,4,Occasional Shopper,1
2023/06/11 11:08:35 PM GMT+5:30,17,Prefer not to say,Multiple times a week,Groceries and Gourmet Food;Home and Kitchen;others,Rarely,others,Multiple pages,5,Maybe,Rarely,others,Rarely,No,Rarely,No,5,No,3,5,Customer service,Customer service responsiveness,977144,5,2,Frequent Shopper,0
2023/06/08 5:23:05 PM GMT+5:30,65,Male,Multiple times a week,Home and Kitchen,Rarely,Filter,First page,5,Maybe,Always,others,Sometimes,Yes,Moderately,Sometimes,5,Yes,3,5,Quick delivery,I have no problem with Amazon yet. But others tell me about the refund issues,590079,5,5,Frequent Shopper,0
2023/06/06 7:42:51 PM GMT+5:30,22,Male,Less than once a month,Groceries and Gourmet Food;Clothing and Fashion,Few times a month,Keyword,Multiple pages,3,Maybe,Sometimes,Changed my mind or no longer need the item,Often,No,Moderately,Sometimes,2,Sometimes,4,1,Wide product selection,Shipping speed and reliability,886488,1,3,Occasional Shopper,1
2023/06/06 4:25:49 PM GMT+5:30,46,Others,Few times a month,Beauty and Personal Care;Clothing and Fashion;others,Multiple times a day,Keyword,First page,3,No,Sometimes,Found a better price elsewhere,Always,Yes,Heavily,Yes,5,No,5,5,User-friendly website/app interface,I don't have any problem with Amazon,541525,3,3,Occasional Shopper,0
2023/06/11 11:06:52 PM GMT+5:30,53,Others,Multiple times a week,Groceries and Gourmet Food;Clothing and Fashion,Multiple times a day,others,Multiple pages,3,Yes,Always,Changed my mind or no longer need the item,Always,Yes,Rarely,Yes,4,Yes,3,1,Competitive prices,Quality of product is very poor according to the big offers,552825,5,5,Occasional Shopper,3
2023/06/11 10:52:06 PM GMT+5:30,58,Others,Less than once a month,Clothing and Fashion;Home and Kitchen;others,Few times a month,categories,Multiple pages,5,No,Sometimes,Changed my mind or no longer need the item,Sometimes,No,Moderately,Sometimes,5,Yes,4,1,Product recommendations,Irrelevant product suggestions,378667,1,3,Occasional Shopper,1
2023/06/12 2:48:55 PM GMT+5:30,45,Male,Few times a month,Groceries and Gourmet Food;Beauty and Personal Care;Clothing and Fashion,Multiple times a day,categories,Multiple pages,1,Maybe,Rarely,High shipping costs,Often,No,Never,Sometimes,4,Yes,2,1,Quick delivery,User interface,366236,3,2,Occasional Shopper,1
2023/06/06 2:07:12 PM GMT+5:30,56,Others,Once a month,Clothing and Fashion;others,Multiple times a day,others,Multiple pages,2,Maybe,Rarely,High shipping costs,Never,No,Heavily,Yes,3,Sometimes,2,3,Product recommendations,Shipping speed and reliability,903759,2,2,Occasional Shopper,2
2023/06/06 7:31:34 PM GMT+5:30,35,Female,Few times a month,Clothing and Fashion,Rarely,categories,Multiple pages,2,Maybe,Rarely,Changed my mind or no longer need the item,Rarely,Yes,Occasionally,Yes,3,Yes,1,4,Competitive prices,User interface,401761,3,2,Occasional Shopper,0
2023/06/08 10:24:19 PM GMT+5:30,8,Male,Once a week,Beauty and Personal Care;Home and Kitchen,Few times a month,Filter,First page,2,No,Never,Changed my mind or no longer need the item,Sometimes,No,Heavily,No,2,Sometimes,2,4,Quick delivery,Nil,954796,4,1,Frequent Shopper,0
2023/06/06 10:36:14 AM GMT+5:30,31,Female,Multiple times a week,Groceries and Gourmet Food;Clothing and Fashion;Home and Kitchen,Few times a week,Keyword,Multiple pages,1,Maybe,Sometimes,others,Sometimes,No,Never,Sometimes,5,Sometimes,3,5,User-friendly website/app interface,Shipping speed and reliability,428764,5,3,Frequent Shopper,0
2023/06/09 10:23:45 AM GMT+5:30,4,Prefer not to say,Multiple times a week,Groceries and Gourmet Food;Beauty and Personal Care,Rarely,Keyword,First page,1,No,Never,Found a better price elsewhere,Always,No,Occasionally,Yes,2,No,5,4,Wide product selection,better app interface and lower shipping charges,464011,5,1,Frequent Shopper,0
2023/06/07 11:46:52 AM GMT+5:30,41,Female,Once a month,Groceries and Gourmet Food;Beauty and Personal Care;Home and Kitchen,Rarely,Unknown,First page,2,Maybe,Always,Found a better price elsewhere,Always,No,Rarely,Sometimes,3,Sometimes,3,2,Wide product selection,better app interface and lower shipping charges,465221,2,5,Occasional Shopper,1
2023/06/08 6:39:59 PM GMT+5:30,38,Male,Less than once a month,Clothing and Fashion;Home and Kitchen,Few times a week,categories,Multiple pages,3,No,Always,others,Rarely,No,Never,No,3,Yes,3,1,Customer service,UI,554494,1,5,Occasional Shopper,1
2023/06/07 9:19:32 PM GMT+5:30,33,Female,Multiple times a week,Groceries and Gourmet Food;Beauty and Personal Care;others,Few times a week,others,Multiple pages,3,No,Always,others,Never,Yes,Rarely,Sometimes,5,No,5,3,Customer service,Reducing packaging waste,727281,5,5,Occasional Shopper,3
2023/06/06 7:18:52 PM GMT+5:30,7,Others,Once a week,Groceries and Gourmet Food;Beauty and Personal Care;Clothing and Fashion,Few times a month,Keyword,First page,1,Maybe,Never,Changed my mind or no longer need the item,Sometimes,Yes,Never,Sometimes,3,No,5,3,Wide product selection,Customer service responsiveness,990360,4,1,Occasional Shopper,0
2023/06/06 8:01:47 PM GMT+5:30,48,Male,Once a month,Clothing and Fashion;others,Rarely,Unknown,First page,1,No,Sometimes,Changed my mind or no longer need the item,Often,No,Occasionally,Yes,3,Yes,3,3,.,Nil,838889,2,3,Occasional Shopper,2
2023/06/11 11:10:14 PM GMT+5:30,65,Male,Less than once a month,Beauty and Personal Care;Clothing and Fashion;others,Multiple times a day,Keyword,Multiple pages,5,No,Rarely,others,Often,Yes,Heavily,Yes,3,Yes,1,4,Customer service,Reducing packaging waste,606907,1,2,Occasional Shopper,2
2023/06/09 10:26:51 AM GMT+5:30,15,Male,Less than once a month,Clothing and Fashion;Home and Kitchen,Rarely,categories,Multiple pages,5,Maybe,Sometimes,Changed my mind or no longer need the item,Sometimes,Yes,Never,No,1,Sometimes,3,5,User-friendly website/app interface,Product quality and accuracy,582156,1,3,Occasional Shopper,2
2023/06/08 5:39:54 PM GMT+5:30,58,Female,Once a week,Groceries and Gourmet Food;Clothing and Fashion;Home and Kitchen;others,Few times a month,categories,First page,3,No,Always,Found a better price elsewhere,Sometimes,No,Rarely,Yes,3,Sometimes,1,2,Customer service,Nothing,124242,4,5,Occasional Shopper,3
2023/06/09 2:42:24 PM GMT+5:30,12,Male,Multiple times a week,Beauty and Personal Care;Clothing and Fashion;Home and Kitchen;others,Few times a month,others,Multiple pages,3,Yes,Rarely,others,Often,No,Occasionally,Sometimes,2,No,3,3,Wide product selection,Nil,937223,5,2,Occasional Shopper,3
2023/06/04 10:37:00 PM GMT+5:30,6,Others,Less than once a month,Groceries and Gourmet Food;Home and Kitchen,Rarely,Keyword,Multiple pages,1,Maybe,Never,Found a better price elsewhere,Sometimes,Yes,Moderately,No,4,No,2,2,Competitive prices,Customer service responsiveness,720409,1,1,Occasional Shopper,1
2023/06/07 1:00:09 PM GMT+5:30,61,Male,Once a month,Groceries and Gourmet Food;Beauty and Personal Care,Few times a month,others,First page,4,Yes,Often,Found a better price elsewhere,Rarely,Yes,Moderately,Sometimes,1,Yes,4,4,Product recommendations,Shipping speed and reliability,682952,2,4,Occasional Shopper,2
2023/06/09 4:31:33 PM GMT+5:30,38,Female,Few times a month,Groceries and Gourmet Food;Beauty and Personal Care;Clothing and Fashion,Multiple times a day,Unknown,Multiple pages,5,Maybe,Always,Changed my mind or no longer need the item,Never,Yes,Rarely,Yes,2,Sometimes,4,3,Competitive prices,better app interface and lower shipping charges,636592,3,5,Occasional Shopper,0
2023/06/04 8:48:59 PM GMT+5:30,59,Male,Less than once a month,Clothing and Fashion;Home and Kitchen,Multiple times a day,others,Multiple pages,5,Maybe,Never,High shipping costs,Rarely,Yes,Occasionally,Yes,4,No,5,3,Competitive prices,I don't have any problem with Amazon,450488,1,1,Occasional Shopper,2
2023/06/05 9:58:17 PM GMT+5:30,3,Prefer not to say,Once a week,Groceries and Gourmet Food;Clothing and Fashion;Home and Kitchen;others,Multiple times a day,Unknown,First page,4,Maybe,Never,others,Often,Yes,Heavily,No,2,No,5,2,Wide product selection,Scrolling option would be much better than going to next page,322984,4,1,Occasional Shopper,3
2023/06/08 8:26:58 PM GMT+5:30,18,Male,Few times a month,Groceries and Gourmet Food,Multiple times a day,categories,Multiple pages,1,Yes,Often,Found a better price elsewhere,Never,Yes,Rarely,Sometimes,1,Yes,1,3,User-friendly website/app interface,User interface,293123,3,4,Occasional Shopper,0
2023/06/07 3:08:03 AM GMT+5:30,35,Others,Less than once a month,Groceries and Gourmet Food;Beauty and Personal Care;Clothing and Fashion,Multiple times a day,categories,First page,2,Yes,Rarely,Changed my mind or no longer need the item,Rarely,No,Never,No,3,No,3,1,Wide product selection,User interface,256411,1,2,Occasional Shopper,1
2023/06/04 6:31:41 PM GMT+5:30,61,Female,Few times a month,Clothing and Fashion;Home and Kitchen,Multiple times a day,Keyword,First page,2,Yes,Often,Found a better price elsewhere,Always,Yes,Moderately,Sometimes,5,No,3,3,Customer service,I have no problem with Amazon yet. But others tell me about the refund issues,902719,3,4,Occasional Shopper,0
2023/06/09 9:31:57 AM GMT+5:30,9,Male,Less than once a month,Groceries and Gourmet Food;Clothing and Fashion;others,Multiple times a day,others,First page,1,Yes,Always,High shipping costs,Rarely,Yes,Moderately,Yes,2,Yes,1,2,All the above,Shipping speed and reliability,224992,1,5,Occasional Shopper,1
2023/06/07 10:20:09 PM GMT+5:30,46,Female,Less than once a month,Groceries and Gourmet Food;Clothing and Fashion;Home and Kitchen,Few times a month,Keyword,Multiple pages,5,Yes,Sometimes,Found a better price elsewhere,Never,No,Never,No,4,No,2,1,Quick delivery,Customer service responsiveness,174407,1,3,Occasional Shopper,1
2023/06/09 3:00:03 PM GMT+5:30,65,Others,Once a week,Clothing and Fashion;Home and Kitchen;others,Rarely,Keyword,First page,1,No,Never,Changed my mind or no longer need the item,Never,Yes,Rarely,No,2,Yes,4,5,.,No problems with Amazon,292978,4,1,Frequent Shopper,0
2023/06/04 8:39:53 PM GMT+5:30,22,Male,Once a month,Groceries and Gourmet Food;Beauty and Personal Care;Clothing and Fashion;others,Few times a week,Unknown,First page,2,Maybe,Always,High shipping costs,Rarely,No,Occasionally,Yes,2,No,1,3,Competitive prices,Nil,863238,2,5,Occasional Shopper,2
2023/06/06 12:00:16 PM GMT+5:30,59,Prefer not to say,Once a month,Clothing and Fashion,Few times a month,Unknown,First page,2,Maybe,Never,Found a better price elsewhere,Always,No,Rarely,Yes,4,No,4,2,All the above,Shipping speed and reliability,197090,2,1,Occasional Shopper,1
2023/06/09 2:41:53 PM GMT+5:30,16,Prefer not to say,Few times a month,Groceries and Gourmet Food;Beauty and Personal Care;Clothing and Fashion;Home and Kitchen;others,Few times a month,Unknown,First page,5,Maybe,Always,High shipping costs,Sometimes,Yes,Moderately,Yes,1,No,3,2,Competitive prices,UI,556881,3,5,Occasional Shopper,1
2023/06/09 7:24:57 PM GMT+5:30,31,Male,Less than once a month,Beauty and Personal Care;Clothing and Fashion;Home and Kitchen;others,Rarely,Filter,First page,3,No,Often,Found a better price elsewhere,Always,Yes,Rarely,No,5,No,5,5,Product recommendations,No problems with Amazon,711071,1,4,Occasional Shopper,2
2023/06/05 9:56:58 AM GMT+5:30,58,Others,Multiple times a week,Groceries and Gourmet Food;Beauty and Personal Care;Home and Kitchen,Rarely,others,First page,3,Yes,Never,Found a better price elsewhere,Always,No,Heavily,Yes,2,Sometimes,4,4,Wide product selection,Irrelevant product suggestions,877624,5,1,Frequent Shopper,0
2023/06/07 12:01:15 PM GMT+5:30,57,Others,Multiple times a week,Groceries and Gourmet Food;Clothing and Fashion;Home and Kitchen;others,Multiple times a day,Keyword,Multiple pages,2,Maybe,Often,others,Always,No,Moderately,Yes,2,Sometimes,1,3,Product recommendations,Irrelevant product suggestions,223075,5,4,Occasional Shopper,3
2023/06/07 10:16:22 PM GMT+5:30,50,Prefer not to say,Once a month,Clothing and Fashion;others,Few times a week,others,First page,5,Yes,Never,Found a better price elsewhere,Often,No,Moderately,Sometimes,3,No,2,2,User-friendly website/app interface,Nil,101141,2,1,Occasional Shopper,1
2023/06/06 7:10:14 PM GMT+5:30,47,Female,Less than once a month,Groceries and Gourmet Food;Beauty and Personal Care;Clothing and Fashion,Few times a month,others,First page,2,No,Never,Found a better price elsewhere,Often,No,Occasionally,Sometimes,2,No,2,2,All the above,.,694180,1,1,Occasional Shopper,1
2023/06/11 9:31:41 AM GMT+5:30,9,Female,Multiple times a week,Beauty and Personal Care;Home and Kitchen;others,Few times a month,others,Multiple pages,1,Maybe,Often,others,Sometimes,Yes,Heavily,Yes,2,No,4,2,Customer service,Reducing packaging waste,747548,5,4,Occasional Shopper,3
2023/06/08 5:37:58 PM GMT+5:30,6,Male,Once a week,Groceries and Gourmet Food;Clothing and Fashion;Home and Kitchen,Rarely,Filter,First page,4,Maybe,Often,Changed my mind or no longer need the item,Rarely,No,Heavily,No,5,Yes,2,4,All the above,Product quality and accuracy,527994,4,4,Frequent Shopper,0
2023/06/04 10:37:00 PM GMT+5:30,43,Female,Few times a month,Clothing and Fashion;others,Multiple times a day,Filter,Multiple pages,5,No,Always,others,Sometimes,No,Moderately,No,2,Yes,4,5,All the above,Customer service responsiveness,817828,3,5,Occasional Shopper,0
2023/06/07 7:17:13 PM GMT+5:30,43,Male,Few times a month,Groceries and Gourmet Food;Home and Kitchen,Few times a week,Unknown,First page,5,Maybe,Always,High shipping costs,Often,No,Rarely,Sometimes,4,Yes,3,3,Wide product selection,Quality of product is very poor according to the big offers,406879,3,5,Occasional Shopper,0
2023/06/07 9:18:55 PM GMT+5:30,25,Prefer not to say,Less than once a month,Groceries and Gourmet Food;Clothing and Fashion,Few times a month,others,First page,2,Maybe,Never,Found a better price elsewhere,Sometimes,Yes,Moderately,Sometimes,4,Yes,2,5,User-friendly website/app interface,UI,816069,1,1,Occasional Shopper,2
2023/06/07 2:40:30 PM GMT+5:30,47,Prefer not to say,Less than once a month,Clothing and Fashion,Rarely,others,Multiple pages,4,No,Always,Changed my mind or no longer need the item,Never,No,Moderately,No,5,Sometimes,3,1,Wide product selection,Nothing,429205,1,5,Occasional Shopper,1
2023/06/05 12:36:02 AM GMT+5:30,25,Prefer not to say,Less than once a month,Groceries and Gourmet Food;Beauty and Personal Care;others,Rarely,categories,Multiple pages,4,Yes,Rarely,Changed my mind or no longer need the item,Sometimes,No,Heavily,No,5,No,1,3,Customer service,Customer service responsiveness,507272,1,2,Occasional Shopper,2
2023/06/06 6:46:21 PM GMT+5:30,28,Prefer not to say,Once a week,Clothing and Fashion,Few times a month,others,First page,4,No,Never,Changed my mind or no longer need the item,Never,No,Occasionally,No,5,No,2,2,Customer service,Scrolling option would be much better than going to next page,116316,4,1,Occasional Shopper,3
2023/06/04 9:48:15 PM GMT+5:30,62,Prefer not to say,Once a month,Beauty and Personal Care;Clothing and Fashion;Home and Kitchen,Multiple times a day,Filter,Multiple pages,5,No,Always,High shipping costs,Never,No,Rarely,No,4,Sometimes,5,4,Wide product selection,Add more familiar brands to the list,611044,2,5,Occasional Shopper,2
2023/06/09 10:22:35 AM GMT+5:30,66,Male,Once a month,Groceries and Gourmet Food;Beauty and Personal Care;others,Few times a month,Filter,Multiple pages,4,Yes,Often,Changed my mind or no longer need the item,Rarely,No,Heavily,Yes,4,Sometimes,2,3,Customer service,Nil,547770,2,4,Occasional Shopper,2
2023/06/12 2:41:06 PM GMT+5:30,63,Female,Once a month,Groceries and Gourmet Food;Home and Kitchen;others,Few times a month,others,Multiple pages,3,Yes,Never,Found a better price elsewhere,Rarely,Yes,Never,No,2,Sometimes,1,4,.,Irrelevant product suggestions,434855,2,1,Occasional Shopper,2
2023/06/05 9:56:02 PM GMT+5:30,35,Female,Less than once a month,Beauty and Personal Care;Clothing and Fashion;others,Few times a month,others,Multiple pages,4,Yes,Rarely,others,Rarely,Yes,Rarely,No,2,Sometimes,4,1,Wide product selection,Irrelevant product suggestions,793765,1,2,Occasional Shopper,1
2023/06/06 7:46:27 PM GMT+5:30,7,Female,Once a month,Beauty and Personal Care;Clothing and Fashion;Home and Kitchen;others,Few times a week,Unknown,First page,2,No,Never,Found a better price elsewhere,Often,Yes,Heavily,No,1,Yes,2,3,Customer service,No problems with Amazon,230039,2,1,Occasional Shopper,2
2023/06/11 10:49:49 PM GMT+5:30,47,Others,Once a month,Groceries and Gourmet Food;Clothing and Fashion;others,Few times a month,Unknown,First page,3,Yes,Never,Changed my mind or no longer need the item,Rarely,No,Occasionally,Yes,1,Yes,5,1,All the above,Add more familiar brands to the list,362345,2,1,At Risk,1
2023/06/09 10:31:15 AM GMT+5:30,43,Male,Once a month,Groceries and Gourmet Food,Multiple times a day,Filter,Multiple pages,4,Maybe,Sometimes,Found a better price elsewhere,Always,Yes,Rarely,Sometimes,1,Sometimes,1,4,.,Add more familiar brands to the list,250688,2,3,Occasional Shopper,2
2023/06/07 10:21:00 PM GMT+5:30,61,Prefer not to say,Once a month,Clothing and Fashion;Home and Kitchen,Few times a month,categories,Multiple pages,2,Maybe,Always,High shipping costs,Often,Yes,Occasionally,No,5,No,4,2,.,Reducing packaging waste,635107,2,5,Occasional Shopper,1
2023/06/08 9:39:30 PM GMT+5:30,20,Male,Multiple times a week,Groceries and Gourmet Food;Beauty and Personal Care;Clothing and Fashion;Home and Kitchen;others,Rarely,Keyword,First page,1,Yes,Never,Found a better price elsewhere,Often,No,Heavily,No,3,Sometimes,2,5,Competitive prices,No problems with Amazon,229179,5,1,Frequent Shopper,0
2023/06/07 10:58:04 PM GMT+5:30,22,Male,Once a month,Clothing and Fashion,Few times a month,Unknown,Multiple pages,5,Maybe,Rarely,Changed my mind or no longer need the item,Sometimes,No,Occasionally,No,5,Yes,1,2,Product recommendations,Add more familiar brands to the list,589146,2,2,Occasional Shopper,1
2023/06/07 8:20:23 PM GMT+5:30,35,Others,Multiple times a week,Clothing and Fashion;Home and Kitchen;others,Few times a month,Keyword,First page,2,Maybe,Often,others,Always,No,Heavily,No,2,No,2,1,User-friendly website/app interface,Irrelevant product suggestions,197572,5,4,Occasional Shopper,3
2023/06/06 2:07:12 PM GMT+5:30,34,Prefer not to say,Once a month,Clothing and Fashion;Home and Kitchen,Few times a week,categories,First page,1,Maybe,Always,others,Never,No,Never,Sometimes,2,No,2,2,Customer service,Scrolling option would be much better than going to next page,388026,2,5,Occasional Shopper,1
2023/06/07 10:17:40 PM GMT+5:30,36,Male,Once a week,Groceries and Gourmet Food,Few times a week,categories,First page,2,No,Always,Found a better price elsewhere,Often,Yes,Rarely,No,5,No,5,1,Quick delivery,UI,632927,4,5,Occasional Shopper,3
2023/06/06 6:32:36 PM GMT+5:30,13,Others,Once a month,Groceries and Gourmet Food;Beauty and Personal Care;Clothing and Fashion,Rarely,Filter,First page,4,Yes,Often,High shipping costs,Often,No,Never,Sometimes,3,Sometimes,4,1,User-friendly website/app interface,Nil,744331,2,4,Occasional Shopper,1
2023/06/12 2:48:55 PM GMT+5:30,64,Male,Multiple times a week,Beauty and Personal Care;Clothing and Fashion;Home and Kitchen;others,Few times a month,Filter,First page,1,No,Sometimes,Found a better price elsewhere,Rarely,No,Occasionally,Yes,2,Yes,2,3,Competitive prices,.,319363,5,3,Occasional Shopper,3
2023/06/05 9:56:58 AM GMT+5:30,23,Female,Few times a month,Beauty and Personal Care;Clothing and Fashion;others,Rarely,Unknown,First page,1,Yes,Sometimes,Found a better price elsewhere,Always,No,Occasionally,No,5,Sometimes,1,3,Customer service,Reducing packaging waste,947564,3,3,Occasional Shopper,0
2023/06/08 5:55:15 PM GMT+5:30,50,Prefer not to say,Less than once a month,Beauty and Personal Care;Clothing and Fashion;others,Multiple times a day,others,Multiple pages,3,Yes,Sometimes,High shipping costs,Sometimes,No,Occasionally,Yes,3,Sometimes,1,3,Customer service,Irrelevant product suggestions,310840,1,3,Occasional Shopper,2
2023/06/09 2:34:43 PM GMT+5:30,14,Female,Less than once a month,Groceries and Gourmet Food;Home and Kitchen,Rarely,Keyword,Multiple pages,1,Yes,Often,Changed my mind or no longer need the item,Never,Yes,Never,Yes,1,No,5,2,User-friendly website/app interface,Reducing packaging waste,879680,1,4,Occasional Shopper,1
2023/06/07 1:04:07 PM GMT+5:30,33,Male,Few times a month,Groceries and Gourmet Food;Clothing and Fashion;Home and Kitchen;others,Few times a month,others,Multiple pages,2,No,Sometimes,High shipping costs,Always,No,Heavily,Sometimes,5,No,5,2,All the above,.,107484,3,3,Occasional Shopper,1
2023/06/05 9:56:08 PM GMT+5:30,31,Male,Once a month,Groceries and Gourmet Food;Home and Kitchen;others,Few times a week,others,First page,3,Maybe,Rarely,Found a better price elsewhere,Often,Yes,Occasionally,Sometimes,2,No,4,4,User-friendly website/app interface,Scrolling option would be much better than going to next page,652421,2,2,Occasional Shopper,2
2023/06/05 2:25:28 PM GMT+5:30,61,Others,Once a week,Clothing and Fashion;Home and Kitchen,Multiple times a day,categories,Multiple pages,4,Yes,Sometimes,High shipping costs,Rarely,Yes,Heavily,Yes,2,Yes,5,2,User-friendly website/app interface,Product quality and accuracy,461006,4,3,Occasional Shopper,3
2023/06/09 3:08:38 PM GMT+5:30,4,Others,Multiple times a week,Beauty and Personal Care;Clothing and Fashion,Multiple times a day,Filter,Multiple pages,5,Maybe,Rarely,Found a better price elsewhere,Often,No,Occasionally,Yes,2,Sometimes,2,2,All the above,User interface of app,169627,5,2,Occasional Shopper,3
2023/06/12 3:44:16 PM GMT+5:30,60,Male,Once a week,Beauty and Personal Care;others,Multiple times a day,categories,First page,2,Yes,Sometimes,Changed my mind or no longer need the item,Often,Yes,Moderately,Sometimes,4,Yes,2,5,Customer service,Scrolling option would be much better than going to next page,654571,4,3,Frequent Shopper,0
2023/06/08 5:49:59 PM GMT+5:30,6,Prefer not to say,Less than once a month,Groceries and Gourmet Food;Clothing and Fashion;others,Multiple times a day,others,First page,3,Yes,Often,Changed my mind or no longer need the item,Never,No,Occasionally,Yes,5,No,2,4,Customer service,I don't have any problem with Amazon,602668,1,4,Occasional Shopper,2
2023/06/09 10:22:35 AM GMT+5:30,32,Female,Multiple times a week,Home and Kitchen;others,Rarely,others,First page,1,Yes,Never,High shipping costs,Never,No,Moderately,Sometimes,5,No,5,4,.,Add more familiar brands to the list,917950,5,1,Frequent Shopper,0
2023/06/09 10:58:44 AM GMT+5:30,60,Male,Once a month,Groceries and Gourmet Food;Beauty and Personal Care;Clothing and Fashion;Home and Kitchen;others,Multiple times a day,Unknown,Multiple pages,2,Maybe,Often,Found a better price elsewhere,Never,No,Occasionally,Yes,4,No,2,3,Customer service,Customer service responsiveness,746618,2,4,Occasional Shopper,2
2023/06/09 10:31:15 AM GMT+5:30,8,Prefer not to say,Once a week,Clothing and Fashion,Multiple times a day,Keyword,Multiple pages,5,Yes,Always,High shipping costs,Always,No,Rarely,Sometimes,1,No,4,1,Wide product selection,Nothing,483747,4,5,Occasional Shopper,3
2023/06/07 9:19:23 AM GMT+5:30,33,Female,Multiple times a week,Beauty and Personal Care;others,Few times a week,Unknown,First page,5,No,Never,Found a better price elsewhere,Sometimes,Yes,Heavily,Yes,4,No,4,4,.,UI,764404,5,1,Frequent Shopper,0
2023/06/05 6:49:25 PM GMT+5:30,38,Prefer not to say,Less than once a month,Groceries and Gourmet Food;Beauty and Personal Care;Clothing and Fashion;Home and Kitchen,Few times a month,others,Multiple pages,2,Yes,Rarely,others,Never,No,Rarely,Yes,1,No,4,2,User-friendly website/app interface,Shipping speed and reliability,358108,1,2,Occasional Shopper,1
2023/06/05 11:20:41 AM GMT+5:30,18,Prefer not to say,Once a month,Beauty and Personal Care;Home and Kitchen,Few times a week,Unknown,First page,2,Maybe,Rarely,Found a better price elsewhere,Sometimes,Yes,Never,No,1,Sometimes,2,3,User-friendly website/app interface,I have no problem with Amazon yet. But others tell me about the refund issues,239672,2,2,Occasional Shopper,2
2023/06/12 9:57:20 PM GMT+5:30,56,Female,Multiple times a week,Beauty and Personal Care;Clothing and Fashion;Home and Kitchen,Few times a week,others,Multiple pages,2,No,Often,High shipping costs,Rarely,Yes,Rarely,Yes,1,Yes,1,3,All the above,I don't have any problem with Amazon,520943,5,4,Occasional Shopper,3
2023/06/07 2:33:56 PM GMT+5:30,31,Prefer not to say,Once a week,Groceries and Gourmet Food,Few times a month,others,First page,1,Maybe,Never,Found a better price elsewhere,Rarely,No,Occasionally,Yes,4,No,5,3,Product recommendations,No problems with Amazon,436923,4,1,Occasional Shopper,0
2023/06/09 10:59:38 AM GMT+5:30,12,Prefer not to say,Less than once a month,Groceries and Gourmet Food;Beauty and Personal Care;Clothing and Fashion,Multiple times a day,categories,Multiple pages,5,Yes,Never,High shipping costs,Always,No,Heavily,Yes,4,Yes,4,3,User-friendly website/app interface,Irrelevant product suggestions,539530,1,1,Occasional Shopper,2
2023/06/08 5:28:47 PM GMT+5:30,42,Male,Once a week,Home and Kitchen;others,Multiple times a day,categories,First page,3,No,Sometimes,High shipping costs,Rarely,No,Rarely,Sometimes,1,Yes,5,4,All the above,User interface,856867,4,3,Frequent Shopper,0
2023/06/06 8:08:19 PM GMT+5:30,18,Female,Multiple times a week,Groceries and Gourmet Food;Home and Kitchen,Rarely,Filter,First page,1,Maybe,Never,others,Always,No,Occasionally,Sometimes,3,No,4,3,Customer service,User interface,917117,5,1,Occasional Shopper,3
2023/06/06 4:25:49 PM GMT+5:30,58,Female,Few times a month,Groceries and Gourmet Food;Beauty and Personal Care;Home and Kitchen,Rarely,Filter,First page,4,Yes,Never,Found a better price elsewhere,Sometimes,Yes,Never,Sometimes,4,Sometimes,3,1,Customer service,.,322019,3,1,At Risk,1
2023/06/07 9:23:39 PM GMT+5:30,57,Male,Multiple times a week,Clothing and Fashion;Home and Kitchen,Few times a month,Unknown,First page,1,Yes,Always,Found a better price elsewhere,Rarely,Yes,Never,No,2,Yes,1,1,.,Add more familiar brands to the list,377439,5,5,Occasional Shopper,3
2023/06/12 2:54:13 PM GMT+5:30,22,Male,Multiple times a week,Beauty and Personal Care;Home and Kitchen;others,Few times a week,Filter,Multiple pages,2,Yes,Often,High shipping costs,Often,No,Never,No,2,Sometimes,2,5,Competitive prices,Scrolling option would be much better than going to next page,703296,5,4,Frequent Shopper,0
2023/06/12 3:35:24 PM GMT+5:30,3,Male,Once a month,Groceries and Gourmet Food;Beauty and Personal Care;Home and Kitchen,Few times a week,Keyword,First page,5,Maybe,Rarely,others,Never,Yes,Occasionally,No,5,No,1,4,Wide product selection,better app interface and lower shipping charges,266978,2,2,Occasional Shopper,2
2023/06/04 9:29:59 PM GMT+5:30,33,Female,Multiple times a week,Groceries and Gourmet Food;Beauty and Personal Care;Home and Kitchen,Few times a month,others,Multiple pages,2,Yes,Always,High shipping costs,Rarely,Yes,Heavily,Yes,3,Yes,4,4,.,Quality of product is very poor according to the big offers,614065,5,5,Frequent Shopper,0
2023/06/11 11:15:37 PM GMT+5:30,6,Male,Once a week,Clothing and Fashion;Home and Kitchen,Few times a week,others,Multiple pages,4,No,Never,Found a better price elsewhere,Always,Yes,Never,Sometimes,1,Sometimes,4,1,User-friendly website/app interface,Quality of product is very poor according to the big offers,673350,4,1,At Risk,3
2023/06/08 5:38:57 PM GMT+5:30,52,Male,Once a week,Groceries and Gourmet Food;Clothing and Fashion;others,Few times a week,Filter,First page,4,Yes,Always,Changed my mind or no longer need the item,Sometimes,No,Occasionally,Sometimes,4,No,5,1,Wide product selection,UI,761726,4,5,Occasional Shopper,3
2023/06/07 10:58:27 AM GMT+5:30,13,Male,Once a month,others,Few times a month,Unknown,Multiple pages,4,Yes,Rarely,Found a better price elsewhere,Always,No,Never,Yes,1,No,1,5,Customer service,Reducing packaging waste,993456,2,2,Occasional Shopper,2
2023/06/06 9:08:39 PM GMT+5:30,18,Male,Less than once a month,Beauty and Personal Care;Clothing and Fashion;Home and Kitchen;others,Few times a month,Filter,Multiple pages,5,Yes,Sometimes,High shipping costs,Never,No,Heavily,No,5,No,4,4,Customer service,User interface,472653,1,3,Occasional Shopper,2
2023/06/04 5:04:56 PM GMT+5:30,7,Others,Few times a month,Beauty and Personal Care;Clothing and Fashion;Home and Kitchen,Multiple times a day,Filter,Multiple pages,5,Yes,Often,Found a better price elsewhere,Always,Yes,Heavily,Yes,2,Yes,3,4,.,.,478339,3,4,Occasional Shopper,0
2023/06/11 11:16:18 PM GMT+5:30,7,Male,Few times a month,Groceries and Gourmet Food;Clothing and Fashion;Home and Kitchen,Rarely,others,Multiple pages,3,No,Always,Found a better price elsewhere,Always,Yes,Rarely,Sometimes,1,Sometimes,2,4,Customer service,I don't have any problem with Amazon,694712,3,5,Occasional Shopper,0
2023/06/07 11:02:45 PM GMT+5:30,59,Female,Once a month,Groceries and Gourmet Food;Beauty and Personal Care;Home and Kitchen,Few times a week,others,Multiple pages,2,No,Rarely,High shipping costs,Never,Yes,Never,Yes,2,No,2,4,.,User interface,888696,2,2,Occasional Shopper,2
2023/06/11 2:07:39 PM GMT+5:30,65,Others,Few times a month,Beauty and Personal Care,Rarely,others,Multiple pages,2,No,Often,others,Always,No,Never,Sometimes,3,Yes,5,4,.,User interface of app,207439,3,4,Occasional Shopper,0
2023/06/06 7:23:25 PM GMT+5:30,9,Others,Few times a month,Groceries and Gourmet Food;Beauty and Personal Care;Clothing and Fashion;Home and Kitchen,Few times a week,categories,Multiple pages,1,Maybe,Rarely,others,Sometimes,Yes,Moderately,No,5,Yes,5,1,Quick delivery,User interface,531501,3,2,Occasional Shopper,1
2023/06/07 10:57:14 AM GMT+5:30,49,Female,Multiple times a week,Groceries and Gourmet Food;Beauty and Personal Care;Clothing and Fashion;Home and Kitchen,Multiple times a day,categories,Multiple pages,3,No,Always,Found a better price elsewhere,Rarely,No,Rarely,No,4,Yes,1,4,Wide product selection,I have no problem with Amazon yet. But others tell me about the refund issues,189326,5,5,Frequent Shopper,0
2023/06/05 9:56:08 PM GMT+5:30,64,Male,Less than once a month,Groceries and Gourmet Food;Clothing and Fashion;others,Rarely,Unknown,First page,4,Yes,Often,Changed my mind or no longer need the item,Sometimes,No,Rarely,No,3,Sometimes,2,4,.,Quality of product is very poor according to the big offers,752817,1,4,Occasional Shopper,2
2023/06/06 2:07:12 PM GMT+5:30,48,Others,Once a week,Beauty and Personal Care;Clothing and Fashion;Home and Kitchen;others,Multiple times a day,Keyword,First page,2,No,Never,Found a better price elsewhere,Sometimes,No,Occasionally,Yes,3,Sometimes,5,5,Wide product selection,No problems with Amazon,936238,4,1,Frequent Shopper,0
2023/06/06 9:39:32 AM GMT+5:30,61,Female,Once a week,Beauty and Personal Care;Clothing and Fashion,Few times a week,others,Multiple pages,2,Maybe,Rarely,Changed my mind or no longer need the item,Never,No,Moderately,Yes,2,Yes,2,1,Product recommendations,UI,274871,4,2,Occasional Shopper,3
2023/06/08 6:01:33 PM GMT+5:30,7,Male,Few times a month,Groceries and Gourmet Food;Home and Kitchen;others,Multiple times a day,Keyword,Multiple pages,2,Yes,Always,Changed my mind or no longer need the item,Never,Yes,Heavily,No,2,Yes,5,4,All the above,Nil,613095,3,5,Occasional Shopper,0
2023/06/07 9:18:55 PM GMT+5:30,15,Prefer not to say,Multiple times a week,Beauty and Personal Care;Clothing and Fashion;others,Rarely,Unknown,Multiple pages,5,No,Always,Changed my mind or no longer need the item,Sometimes,No,Heavily,Yes,3,No,1,3,Wide product selection,User interface of app,231469,5,5,Occasional Shopper,3
2023/06/06 6:40:30 PM GMT+5:30,34,Prefer not to say,Few times a month,Groceries and Gourmet Food;Beauty and Personal Care;Home and Kitchen,Few times a week,categories,Multiple pages,1,No,Always,Changed my mind or no longer need the item,Sometimes,No,Occasionally,Yes,4,Yes,1,1,Product recommendations,Customer service responsiveness,323204,3,5,Occasional Shopper,1
2023/06/04 11:12:15 PM GMT+5:30,8,Prefer not to say,Once a week,Groceries and Gourmet Food;Beauty and Personal Care;Clothing and Fashion,Rarely,others,First page,1,Maybe,Rarely,Found a better price elsewhere,Sometimes,No,Moderately,Sometimes,1,Yes,2,1,All the above,User interface of app,632931,4,2,Occasional Shopper,3
2023/06/07 10:40:10 PM GMT+5:30,23,Female,Once a month,Beauty and Personal Care;Clothing and Fashion;Home and Kitchen,Few times a week,Keyword,Multiple pages,3,Yes,Always,Changed my mind or no longer need the item,Always,No,Occasionally,No,1,No,2,2,Quick delivery,Nil,745098,2,5,Occasional Shopper,1
2023/06/09 10:58:13 AM GMT+5:30,23,Others,Few times a month,Clothing and Fashion;Home and Kitchen;others,Few times a week,others,Multiple pages,3,Maybe,Rarely,Changed my mind or no longer need the item,Never,Yes,Moderately,No,1,No,1,5,Wide product selection,No problems with Amazon,405634,3,2,Occasional Shopper,0
2023/06/09 2:22:25 PM GMT+5:30,60,Male,Once a week,others,Rarely,others,Multiple pages,1,Maybe,Sometimes,Found a better price elsewhere,Sometimes,No,Heavily,No,5,No,3,2,Customer service,better app interface and lower shipping charges,191950,4,3,Occasional Shopper,3
2023/06/07 6:16:51 PM GMT+5:30,31,Prefer not to say,Once a week,Groceries and Gourmet Food;Clothing and Fashion,Rarely,Filter,Multiple pages,4,Yes,Rarely,Found a better price elsewhere,Rarely,No,Rarely,Sometimes,5,Yes,3,2,User-friendly website/app interface,I don't have any problem with Amazon,318218,4,2,Occasional Shopper,3
2023/06/07 1:00:09 PM GMT+5:30,35,Male,Multiple times a week,Groceries and Gourmet Food;Beauty and Personal Care;Clothing and Fashion;Home and Kitchen,Multiple times a day,Unknown,Multiple pages,3,Yes,Sometimes,High shipping costs,Never,Yes,Occasionally,Sometimes,4,Sometimes,5,1,Customer service,better app interface and lower shipping charges,288164,5,3,Occasional Shopper,3
2023/06/08 3:28:23 AM GMT+5:30,50,Male,Few times a month,Clothing and Fashion,Rarely,Unknown,First page,1,Maybe,Rarely,High shipping costs,Never,No,Moderately,Sometimes,1,No,5,4,Customer service,Customer service responsiveness,432769,3,2,Occasional Shopper,0
2023/06/08 10:39:59 PM GMT+5:30,40,Others,Multiple times a week,Groceries and Gourmet Food;Beauty and Personal Care;Clothing and Fashion;others,Few times a week,others,Multiple pages,4,No,Always,Found a better price elsewhere,Rarely,No,Rarely,Yes,1,Yes,5,2,Customer service,Shipping speed and reliability,356297,5,5,Occasional Shopper,3
2023/06/05 12:37:54 AM GMT+5:30,27,Others,Once a week,Groceries and Gourmet Food;Beauty and Personal Care;Clothing and Fashion;Home and Kitchen,Few times a week,others,First page,4,No,Never,High shipping costs,Often,No,Rarely,No,3,Yes,5,3,Product recommendations,I have no problem with Amazon yet. But others tell me about the refund issues,505738,4,1,Occasional Shopper,0
2023/06/09 10:28:23 AM GMT+5:30,6,Female,Once a week,Home and Kitchen,Few times a month,categories,First page,2,No,Often,Found a better price elsewhere,Never,Yes,Heavily,Sometimes,4,Yes,5,4,All the above,Nil,366676,4,4,Frequent Shopper,0
2023/06/09 10:22:35 AM GMT+5:30,33,Others,Multiple times a week,Clothing and Fashion;others,Rarely,Keyword,Multiple pages,5,Maybe,Never,Changed my mind or no longer need the item,Often,Yes,Rarely,No,3,Sometimes,2,5,Product recommendations,I don't have any problem with Amazon,241609,5,1,Frequent Shopper,0
2023/06/06 8:57:23 PM GMT+5:30,48,Male,Less than once a month,Groceries and Gourmet Food;Home and Kitchen;others,Few times a month,categories,First page,5,Maybe,Often,Changed my mind or no longer need the item,Rarely,No,Occasionally,Sometimes,2,Yes,2,5,All the above,I don't have any problem with Amazon,500993,1,4,Occasional Shopper,2
2023/06/07 10:39:21 PM GMT+5:30,23,Male,Few times a month,Clothing and Fashion;others,Few times a month,Keyword,Multiple pages,4,Yes,Often,Changed my mind or no longer need the item,Always,No,Heavily,Yes,2,Yes,4,5,Customer service,Scrolling option would be much better than going to next page,305338,3,4,Occasional Shopper,0
2023/06/04 7:48:31 PM GMT+5:30,60,Female,Few times a month,Beauty and Personal Care;Clothing and Fashion,Few times a month,Keyword,Multiple pages,1,Maybe,Often,Changed my mind or no longer need the item,Sometimes,Yes,Moderately,No,5,No,5,2,Customer service,UI,909845,3,4,Occasional Shopper,1
2023/06/04 8:54:36 PM GMT+5:30,10,Others,Once a week,Groceries and Gourmet Food;Beauty and Personal Care;Clothing and Fashion;Home and Kitchen;others,Multiple times a day,Keyword,Multiple pages,4,Maybe,Always,Changed my mind or no longer need the item,Sometimes,Yes,Moderately,Sometimes,4,Sometimes,4,2,Quick delivery,Nothing,653578,4,5,Occasional Shopper,3
2023/06/07 12:01:15 PM GMT+5:30,9,Others,Multiple times a week,Beauty and Personal Care;Home and Kitchen,Few times a month,others,First page,5,Yes,Often,High shipping costs,Sometimes,Yes,Rarely,No,4,Sometimes,2,5,Customer service,Nil,390973,5,4,Frequent Shopper,0
2023/06/11 11:26:21 PM GMT+5:30,50,Male,Multiple times a week,Beauty and Personal Care;Clothing and Fashion;others,Multiple times a day,Filter,First page,3,No,Always,Found a better price elsewhere,Never,Yes,Rarely,No,3,Yes,2,5,Competitive prices,Nil,122036,5,5,Frequent Shopper,0
2023/06/08 3:25:32 AM GMT+5:30,33,Female,Once a month,Clothing and Fashion;Home and Kitchen;others,Few times a week,Unknown,Multiple pages,2,No,Rarely,Changed my mind or no longer need the item,Always,Yes,Never,Yes,5,Sometimes,4,2,.,Nil,757567,2,2,Occasional Shopper,1
2023/06/07 9:53:52 PM GMT+5:30,7,Female,Once a week,Groceries and Gourmet Food;Beauty and Personal Care;Home and Kitchen,Multiple times a day,Keyword,Multiple pages,1,No,Often,Found a better price elsewhere,Never,Yes,Moderately,Sometimes,1,Sometimes,5,2,.,I don't have any problem with Amazon,513981,4,4,Occasional Shopper,3
2023/06/04 9:10:51 PM GMT+5:30,15,Female,Less than once a month,Groceries and Gourmet Food;Clothing and Fashion;others,Multiple times a day,categories,First page,5,No,Often,High shipping costs,Never,No,Rarely,Yes,2,Sometimes,4,5,Competitive prices,User interface of app,965845,1,4,Occasional Shopper,2
2023/06/08 5:40:49 PM GMT+5:30,30,Male,Less than once a month,Groceries and Gourmet Food;Beauty and Personal Care;Clothing and Fashion;Home and Kitchen,Few times a week,categories,First page,3,Yes,Rarely,others,Often,No,Heavily,Sometimes,5,Sometimes,1,4,All the above,Reducing packaging waste,154291,1,2,Occasional Shopper,2
2023/06/05 9:58:17 PM GMT+5:30,59,Prefer not to say,Less than once a month,Groceries and Gourmet Food;Beauty and Personal Care,Few times a week,categories,Multiple pages,1,Yes,Rarely,Found a better price elsewhere,Often,No,Occasionally,No,4,Yes,1,4,Competitive prices,User interface,124111,1,2,Occasional Shopper,2
2023/06/04 5:28:06 PM GMT+5:30,42,Others,Once a week,Groceries and Gourmet Food,Few times a week,Keyword,First page,3,No,Sometimes,Found a better price elsewhere,Often,No,Moderately,No,2,No,1,4,Competitive prices,User interface,498192,4,3,Frequent Shopper,0
2023/06/07 11:47:07 AM GMT+5:30,33,Prefer not to say,Multiple times a week,Beauty and Personal Care;Clothing and Fashion;Home and Kitchen;others,Few times a month,others,First page,5,Maybe,Sometimes,Found a better price elsewhere,Always,No,Rarely,Sometimes,3,No,1,5,Product recommendations,Customer service responsiveness,695749,5,3,Frequent Shopper,0
2023/06/06 6:36:16 PM GMT+5:30,7,Female,Once a month,Home and Kitchen,Rarely,categories,Multiple pages,3,Yes,Always,Changed my mind or no longer need the item,Never,No,Moderately,No,5,No,3,5,.,I don't have any problem with Amazon,971476,2,5,Occasional Shopper,2
2023/06/09 9:38:31 AM GMT+5:30,57,Male,Few times a month,others,Few times a week,Keyword,Multiple pages,5,Yes,Never,Found a better price elsewhere,Sometimes,No,Moderately,No,1,Sometimes,3,2,Wide product selection,Add more familiar brands to the list,243670,3,1,Occasional Shopper,1
2023/06/05 11:54:52 AM GMT+5:30,25,Others,Few times a month,Home and Kitchen;others,Few times a month,Unknown,Multiple pages,5,Yes,Often,Found a better price elsewhere,Often,No,Occasionally,Yes,1,Yes,1,2,Wide product selection,Irrelevant product suggestions,286714,3,4,Occasional Shopper,1
2023/06/10 10:49:42 AM GMT+5:30,45,Female,Multiple times a week,Beauty and Personal Care;Clothing and Fashion;others,Multiple times a day,Filter,First page,2,Maybe,Never,High shipping costs,Often,No,Never,Yes,4,No,2,5,All the above,Nothing,492246,5,1,Frequent Shopper,0
2023/06/08 5:19:56 PM GMT+5:30,29,Male,Once a week,Groceries and Gourmet Food;Clothing and Fashion;Home and Kitchen;others,Few times a month,Filter,Multiple pages,4,No,Sometimes,High shipping costs,Always,Yes,Never,Yes,1,Yes,2,1,Customer service,Customer service responsiveness,751348,4,3,Occasional Shopper,3
2023/06/09 10:58:13 AM GMT+5:30,31,Others,Few times a month,Beauty and Personal Care;Clothing and Fashion;Home and Kitchen,Few times a month,Unknown,Multiple pages,3,Yes,Sometimes,Changed my mind or no longer need the item,Sometimes,No,Never,Sometimes,5,Yes,1,5,Quick delivery,Scrolling option would be much better than going to next page,388554,3,3,Occasional Shopper,0
2023/06/08 3:26:38 AM GMT+5:30,67,Prefer not to say,Once a month,Beauty and Personal Care;Clothing and Fashion;others,Few times a week,others,Multiple pages,4,Maybe,Always,others,Often,No,Occasionally,No,4,No,4,3,User-friendly website/app interface,UI,973479,2,5,Occasional Shopper,2
2023/06/10 11:21:59 PM GMT+5:30,46,Prefer not to say,Once a month,Beauty and Personal Care;Clothing and Fashion;others,Few times a week,Filter,First page,3,No,Never,Found a better price elsewhere,Often,No,Rarely,Yes,2,Sometimes,4,3,.,better app interface and lower shipping charges,568172,2,1,Occasional Shopper,2
2023/06/07 1:33:51 PM GMT+5:30,64,Male,Once a month,Beauty and Personal Care;Home and Kitchen;others,Rarely,categories,Multiple pages,3,No,Rarely,Found a better price elsewhere,Never,Yes,Moderately,Sometimes,2,Sometimes,2,2,Competitive prices,Product quality and accuracy,834243,2,2,Occasional Shopper,1
2023/06/09 2:34:43 PM GMT+5:30,51,Prefer not to say,Multiple times a week,Clothing and Fashion,Multiple times a day,Filter,Multiple pages,3,Yes,Always,Found a better price elsewhere,Always,No,Never,No,1,Yes,2,4,Quick delivery,better app interface and lower shipping charges,609099,5,5,Frequent Shopper,0
2023/06/07 8:20:23 PM GMT+5:30,45,Prefer not to say,Less than once a month,Clothing and Fashion;Home and Kitchen,Few times a week,others,Multiple pages,4,Maybe,Sometimes,Found a better price elsewhere,Always,Yes,Heavily,Yes,4,Yes,2,3,Customer service,Irrelevant product suggestions,301062,1,3,Occasional Shopper,2
2023/06/08 5:23:08 PM GMT+5:30,18,Others,Few times a month,Groceries and Gourmet Food;Clothing and Fashion;others,Few times a week,Keyword,Multiple pages,1,No,Often,High shipping costs,Always,No,Never,No,1,Sometimes,5,1,All the above,Scrolling option would be much better than going to next page,302092,3,4,Occasional Shopper,1
2023/06/11 11:04:55 PM GMT+5:30,38,Female,Less than once a month,Clothing and Fashion;Home and Kitchen,Multiple times a day,Filter,First page,1,No,Always,High shipping costs,Never,No,Moderately,Yes,3,Yes,5,1,Product recommendations,better app interface and lower shipping charges,144950,1,5,Occasional Shopper,1
2023/06/05 10:07:33 PM GMT+5:30,67,Male,Less than once a month,Groceries and Gourmet Food;Home and Kitchen;others,Few times a month,others,First page,5,Maybe,Often,Changed my mind or no longer need the item,Never,No,Moderately,Yes,1,No,5,1,Customer service,Irrelevant product suggestions,856402,1,4,Occasional Shopper,1
2023/06/08 2:21:41 PM GMT+5:30,9,Female,Multiple times a week,Groceries and Gourmet Food;Beauty and Personal Care;Clothing and Fashion,Rarely,Filter,First page,5,No,Never,Found a better price elsewhere,Always,Yes,Never,Yes,2,No,4,3,Customer service,Quality of product is very poor according to the big offers,647571,5,1,Occasional Shopper,3
2023/06/08 5:28:47 PM GMT+5:30,67,Female,Multiple times a week,Groceries and Gourmet Food;Beauty and Personal Care,Few times a week,Keyword,First page,4,Yes,Sometimes,High shipping costs,Rarely,Yes,Never,Sometimes,2,Yes,3,2,User-friendly website/app interface,Add more familiar brands to the list,348290,5,3,Occasional Shopper,3
2023/06/09 2:51:07 PM GMT+5:30,15,Male,Less than once a month,Home and Kitchen;others,Few times a week,Keyword,Multiple pages,1,No,Never,Found a better price elsewhere,Rarely,Yes,Rarely,No,4,Yes,2,4,.,Nothing,738622,1,1,Occasional Shopper,2
2023/06/11 11:03:34 PM GMT+5:30,44,Prefer not to say,Less than once a month,Beauty and Personal Care,Few times a month,Filter,Multiple pages,4,Maybe,Often,Found a better price elsewhere,Never,Yes,Moderately,Yes,4,Yes,3,2,Competitive prices,Product quality and accuracy,487524,1,4,Occasional Shopper,1
2023/06/11 11:15:03 PM GMT+5:30,34,Male,Few times a month,Clothing and Fashion;Home and Kitchen;others,Few times a month,Filter,Multiple pages,4,No,Often,others,Often,Yes,Heavily,Sometimes,1,No,5,4,User-friendly website/app interface,User interface of app,576557,3,4,Occasional Shopper,0
2023/06/06 10:36:14 AM GMT+5:30,40,Male,Once a week,Groceries and Gourmet Food,Rarely,categories,Multiple pages,3,No,Often,Changed my mind or no longer need the item,Rarely,Yes,Rarely,Yes,1,Sometimes,2,2,.,UI,688684,4,4,Occasional Shopper,3
2023/06/08 5:49:59 PM GMT+5:30,39,Male,Once a month,Groceries and Gourmet Food;Beauty and Personal Care,Multiple times a day,categories,Multiple pages,1,Maybe,Sometimes,Changed my mind or no longer need the item,Never,No,Occasionally,Yes,1,No,2,2,Quick delivery,Nothing,285808,2,3,Occasional Shopper,1
2023/06/06 9:37:33 AM GMT+5:30,27,Female,Multiple times a week,Clothing and Fashion;others,Multiple times a day,Unknown,First page,5,Yes,Never,others,Sometimes,No,Occasionally,Yes,1,Yes,2,2,Product recommendations,Reducing packaging waste,566969,5,1,Occasional Shopper,3
2023/06/08 6:00:50 PM GMT+5:30,14,Male,Few times a month,Groceries and Gourmet Food;Beauty and Personal Care;Home and Kitchen,Rarely,Keyword,Multiple pages,1,No,Never,others,Always,No,Heavily,Sometimes,3,Sometimes,3,1,Customer service,Shipping speed and reliability,845051,3,1,At Risk,1
2023/06/07 10:17:40 PM GMT+5:30,26,Prefer not to say,Few times a month,Groceries and Gourmet Food,Few times a month,categories,Multiple pages,4,No,Sometimes,Changed my mind or no longer need the item,Always,Yes,Never,Yes,3,Sometimes,2,1,All the above,Nil,239426,3,3,Occasional Shopper,1
2023/06/09 9:37:44 AM GMT+5:30,49,Others,Once a week,Clothing and Fashion;Home and Kitchen;others,Few times a week,Unknown,First page,1,Maybe,Often,others,Sometimes,No,Occasionally,Sometimes,3,Yes,3,5,Customer service,Add more familiar brands to the list,478666,4,4,Frequent Shopper,0
2023/06/08 5:17:10 PM GMT+5:30,64,Prefer not to say,Multiple times a week,Beauty and Personal Care;Clothing and Fashion;others,Multiple times a day,categories,Multiple pages,4,No,Always,Found a better price elsewhere,Rarely,Yes,Moderately,Sometimes,1,Yes,1,3,Customer service,Product quality and accuracy,899475,5,5,Occasional Shopper,3
2023/06/09 2:34:43 PM GMT+5:30,60,Prefer not to say,Few times a month,Beauty and Personal Care;Clothing and Fashion;Home and Kitchen,Few times a month,categories,First page,5,Yes,Often,High shipping costs,Always,Yes,Heavily,No,5,Sometimes,5,3,Customer service,I have no problem with Amazon yet. But others tell me about the refund issues,305896,3,4,Occasional Shopper,0
2023/06/06 11:06:30 PM GMT+5:30,29,Male,Once a week,Groceries and Gourmet Food;Beauty and Personal Care;others,Multiple times a day,others,Multiple pages,3,No,Often,Found a better price elsewhere,Rarely,Yes,Heavily,Yes,5,Yes,2,3,.,No problems with Amazon,709369,4,4,Occasional Shopper,0
2023/06/06 7:46:27 PM GMT+5:30,3,Male,Once a week,Groceries and Gourmet Food;Beauty and Personal Care;Clothing and Fashion,Multiple times a day,Keyword,Multiple pages,4,No,Sometimes,Changed my mind or no longer need the item,Often,Yes,Occasionally,No,1,No,4,2,All the above,I don't have any problem with Amazon,631096,4,3,Occasional Shopper,3
2023/06/07 10:39:21 PM GMT+5:30,42,Male,Once a week,Home and Kitchen,Few times a month,categories,Multiple pages,5,No,Sometimes,Changed my mind or no longer need the item,Sometimes,No,Heavily,Yes,1,Sometimes,1,3,Quick delivery,Scrolling option would be much better than going to next page,966200,4,3,Occasional Shopper,0
2023/06/04 10:13:28 PM GMT+5:30,26,Others,Multiple times a week,Home and Kitchen;others,Rarely,Unknown,First page,1,No,Rarely,others,Sometimes,No,Heavily,No,2,No,5,1,.,I don't have any problem with Amazon,920113,5,2,Occasional Shopper,3
2023/06/08 5:55:54 PM GMT+5:30,3,Prefer not to say,Few times a month,Groceries and Gourmet Food;Clothing and Fashion;Home and Kitchen;others,Multiple times a day,Keyword,First page,2,No,Never,Found a better price elsewhere,Sometimes,No,Heavily,No,3,No,5,1,User-friendly website/app interface,UI,866009,3,1,At Risk,1
2023/06/07 6:31:23 PM GMT+5:30,44,Male,Few times a month,Groceries and Gourmet Food;Beauty and Personal Care;Clothing and Fashion;Home and Kitchen,Rarely,others,Multiple pages,2,No,Often,others,Always,Yes,Never,No,2,Yes,4,5,Customer service,I have no problem with Amazon yet. But others tell me about the refund issues,548931,3,4,Occasional Shopper,0
2023/06/07 11:54:03 AM GMT+5:30,14,Female,Multiple times a week,Beauty and Personal Care;Clothing and Fashion;Home and Kitchen,Few times a month,Filter,Multiple pages,4,No,Sometimes,others,Rarely,No,Heavily,Sometimes,2,No,3,4,Competitive prices,No problems with Amazon,792825,5,3,Frequent Shopper,0
2023/06/09 9:31:57 AM GMT+5:30,40,Others,Few times a month,Groceries and Gourmet Food;Clothing and Fashion;others,Rarely,Keyword,First page,3,Maybe,Often,Changed my mind or no longer need the item,Never,No,Moderately,Sometimes,1,No,5,5,Customer service,I have no problem with Amazon yet. But others tell me about the refund issues,697205,3,4,Occasional Shopper,0
2023/06/10 2:40:34 PM GMT+5:30,11,Male,Less than once a month,Beauty and Personal Care;Home and Kitchen;others,Rarely,Filter,Multiple pages,1,Maybe,Sometimes,Found a better price elsewhere,Sometimes,No,Occasionally,Yes,3,Yes,3,4,Customer service,I don't have any problem with Amazon,432681,1,3,Occasional Shopper,2
2023/06/07 12:30:22 PM GMT+5:30,53,Male,Once a month,Groceries and Gourmet Food;Beauty and Personal Care,Few times a month,Filter,First page,2,Yes,Sometimes,others,Always,Yes,Moderately,No,5,Sometimes,5,1,Quick delivery,I don't have any problem with Amazon,116703,2,3,Occasional Shopper,1
2023/06/05 8:52:01 PM GMT+5:30,36,Others,Less than once a month,Home and Kitchen;others,Few times a week,Keyword,Multiple pages,4,No,Sometimes,High shipping costs,Rarely,Yes,Rarely,No,2,No,4,5,All the above,Quality of product is very poor according to the big offers,382036,1,3,Occasional Shopper,2
2023/06/06 10:07:39 AM GMT+5:30,8,Others,Multiple times a week,Beauty and Personal Care;others,Few times a week,Unknown,First page,5,No,Rarely,High shipping costs,Always,Yes,Moderately,Sometimes,1,Sometimes,2,4,Quick delivery,better app interface and lower shipping charges,411057,5,2,Frequent Shopper,0
2023/06/06 9:39:32 AM GMT+5:30,66,Prefer not to say,Less than once a month,Beauty and Personal Care;Clothing and Fashion,Rarely,categories,Multiple pages,2,No,Sometimes,Found a better price elsewhere,Always,No,Never,Yes,3,Yes,2,4,Competitive prices,Quality of product is very poor according to the big offers,386779,1,3,Occasional Shopper,2
2023/06/11 10:45:34 PM GMT+5:30,14,Male,Once a month,Clothing and Fashion,Few times a week,Unknown,First page,2,No,Often,High shipping costs,Rarely,No,Moderately,Sometimes,1,Yes,5,4,Quick delivery,Irrelevant product suggestions,333426,2,4,Occasional Shopper,2
2023/06/05 10:08:15 PM GMT+5:30,27,Male,Once a week,Groceries and Gourmet Food;Clothing and Fashion;Home and Kitchen;others,Rarely,Filter,Multiple pages,3,No,Rarely,Found a better price elsewhere,Never,Yes,Moderately,Yes,3,Sometimes,4,3,Quick delivery,Quality of product is very poor according to the big offers,204675,4,2,Occasional Shopper,0
2023/06/08 3:24:37 AM GMT+5:30,44,Others,Few times a month,Groceries and Gourmet Food;Beauty and Personal Care;others,Few times a month,categories,Multiple pages,1,No,Sometimes,High shipping costs,Always,Yes,Moderately,Sometimes,2,Yes,1,3,Quick delivery,I have no problem with Amazon yet. But others tell me about the refund issues,665380,3,3,Occasional Shopper,0
2023/06/04 2:30:44 PM GMT+5:30,62,Others,Few times a month,Home and Kitchen;others,Few times a week,Filter,First page,2,No,Sometimes,others,Sometimes,No,Occasionally,Sometimes,4,Sometimes,2,2,All the above,Customer service responsiveness,111521,3,3,Occasional Shopper,1
2023/06/11 11:06:52 PM GMT+5:30,42,Prefer not to say,Once a month,Beauty and Personal Care;Clothing and Fashion,Rarely,others,Multiple pages,1,Yes,Rarely,High shipping costs,Sometimes,No,Never,Sometimes,3,No,4,1,Competitive prices,Add more familiar brands to the list,645432,2,2,Occasional Shopper,1
2023/06/06 7:11:46 PM GMT+5:30,48,Male,Multiple times a week,Clothing and Fashion;others,Multiple times a day,categories,Multiple pages,1,Maybe,Often,Found a better price elsewhere,Rarely,No,Never,Sometimes,5,Sometimes,4,5,Wide product selection,Scrolling option would be much better than going to next page,575028,5,4,Frequent Shopper,0
2023/06/07 10:57:14 AM GMT+5:30,19,Prefer not to say,Once a week,Groceries and Gourmet Food;Clothing and Fashion;others,Multiple times a day,others,Multiple pages,5,Maybe,Always,Changed my mind or no longer need the item,Often,Yes,Occasionally,Yes,1,No,5,4,Quick delivery,Add more familiar brands to the list,756719,4,5,Frequent Shopper,0
2023/06/07 9:35:08 PM GMT+5:30,26,Others,Multiple times a week,Home and Kitchen,Few times a month,others,First page,4,No,Always,Changed my mind or no longer need the item,Always,No,Moderately,No,5,Yes,1,1,Customer service,Nothing,263437,5,5,Occasional Shopper,3
2023/06/07 9:21:50 PM GMT+5:30,47,Female,Few times a month,Groceries and Gourmet Food;Beauty and Personal Care;Clothing and Fashion,Rarely,categories,Multiple pages,4,Yes,Never,others,Sometimes,No,Occasionally,No,2,Yes,4,5,All the above,User interface,770579,3,1,Occasional Shopper,0
2023/06/12 9:57:20 PM GMT+5:30,5,Male,Less than once a month,Groceries and Gourmet Food;Beauty and Personal Care;Clothing and Fashion;Home and Kitchen;others,Few times a week,categories,First page,3,No,Always,Found a better price elsewhere,Often,No,Never,Sometimes,3,No,2,4,Product recommendations,Scrolling option would be much better than going to next page,440242,1,5,Occasional Shopper,2
2023/06/05 2:10:33 PM GMT+5:30,14,Others,Once a month,Groceries and Gourmet Food;Clothing and Fashion;Home and Kitchen;others,Few times a month,Keyword,First page,4,No,Often,Found a better price elsewhere,Often,Yes,Never,Sometimes,3,No,1,5,Wide product selection,better app interface and lower shipping charges,753442,2,4,Occasional Shopper,2
2023/06/12 4:02:02 PM GMT+5:30,62,Female,Multiple times a week,Groceries and Gourmet Food;Beauty and Personal Care;Clothing and Fashion;others,Multiple times a day,others,First page,1,Yes,Often,Found a better price elsewhere,Often,Yes,Never,No,2,No,3,1,Customer service,Nil,492237,5,4,Occasional Shopper,3
2023/06/05 1:54:28 PM GMT+5:30,4,Female,Few times a month,others,Rarely,others,Multiple pages,3,No,Never,others,Always,No,Never,Yes,1,Yes,2,5,.,Nil,582033,3,1,Occasional Shopper,0
2023/06/04 10:24:47 PM GMT+5:30,64,Male,Less than once a month,Clothing and Fashion;others,Few times a month,others,First page,2,Maybe,Never,High shipping costs,Often,No,Moderately,Sometimes,4,Yes,3,4,Product recommendations,.,390010,1,1,Occasional Shopper,2
2023/06/12 2:51:24 PM GMT+5:30,58,Prefer not to say,Multiple times a week,Home and Kitchen,Rarely,others,First page,1,Maybe,Rarely,Found a better price elsewhere,Never,No,Never,Sometimes,1,No,5,5,Product recommendations,I don't have any problem with Amazon,659560,5,2,Frequent Shopper,0
2023/06/06 7:19:43 PM GMT+5:30,11,Female,Once a week,Groceries and Gourmet Food;Beauty and Personal Care;Clothing and Fashion;Home and Kitchen,Rarely,Keyword,Multiple pages,5,Yes,Often,others,Often,Yes,Occasionally,No,5,Sometimes,1,3,Quick delivery,User interface,143037,4,4,Occasional Shopper,0
2023/06/11 10:51:27 PM GMT+5:30,51,Female,Few times a month,Beauty and Personal Care;Home and Kitchen;others,Rarely,Keyword,Multiple pages,1,Maybe,Always,Changed my mind or no longer need the item,Sometimes,Yes,Never,No,4,Sometimes,4,2,Competitive prices,Product quality and accuracy,313225,3,5,Occasional Shopper,1
2023/06/09 10:26:01 AM GMT+5:30,59,Female,Less than once a month,Groceries and Gourmet Food;Clothing and Fashion;Home and Kitchen;others,Few times a month,Filter,Multiple pages,5,No,Rarely,Changed my mind or no longer need the item,Rarely,Yes,Never,Yes,2,No,1,5,User-friendly website/app interface,better app interface and lower shipping charges,763226,1,2,Occasional Shopper,2
2023/06/08 3:32:42 AM GMT+5:30,49,Female,Once a month,Clothing and Fashion,Multiple times a day,Filter,Multiple pages,1,Yes,Sometimes,Changed my mind or no longer need the item,Rarely,No,Moderately,Sometimes,5,No,1,1,Customer service,No problems with Amazon,969606,2,3,Occasional Shopper,1
2023/06/06 10:46:31 AM GMT+5:30,43,Others,Few times a month,Beauty and Personal Care;Clothing and Fashion;others,Few times a week,categories,Multiple pages,1,Maybe,Never,Found a better price elsewhere,Rarely,Yes,Never,No,3,Sometimes,1,1,Customer service,I don't have any problem with Amazon,263717,3,1,At Risk,1
2023/06/05 8:44:09 PM GMT+5:30,9,Male,Once a week,Beauty and Personal Care;others,Multiple times a day,Filter,Multiple pages,2,Maybe,Sometimes,Found a better price elsewhere,Never,No,Never,Yes,4,Sometimes,5,5,All the above,Product quality and accuracy,989561,4,3,Frequent Shopper,0
2023/06/06 6:37:26 PM GMT+5:30,7,Prefer not to say,Multiple times a week,Clothing and Fashion,Rarely,Filter,Multiple pages,4,Maybe,Rarely,High shipping costs,Never,Yes,Rarely,No,3,Yes,2,5,Wide product selection,Quality of product is very poor according to the big offers,446526,5,2,Frequent Shopper,0
2023/06/09 2:49:20 PM GMT+5:30,65,Others,Once a week,Beauty and Personal Care;Clothing and Fashion;Home and Kitchen;others,Multiple times a day,Keyword,First page,4,Yes,Rarely,High shipping costs,Sometimes,Yes,Heavily,Yes,5,Sometimes,3,4,All the above,Scrolling option would be much better than going to next page,268699,4,2,Frequent Shopper,0
2023/06/08 5:34:27 PM GMT+5:30,63,Male,Multiple times a week,Groceries and Gourmet Food;Clothing and Fashion;Home and Kitchen;others,Few times a month,Keyword,Multiple pages,4,Yes,Never,Found a better price elsewhere,Rarely,Yes,Heavily,Yes,4,Yes,5,2,User-friendly website/app interface,Shipping speed and reliability,690024,5,1,Occasional Shopper,3
2023/06/07 6:20:00 PM GMT+5:30,6,Female,Multiple times a week,Groceries and Gourmet Food;Home and Kitchen;others,Multiple times a day,categories,First page,5,Maybe,Often,Changed my mind or no longer need the item,Sometimes,Yes,Moderately,Sometimes,3,No,5,2,Quick delivery,User interface of app,317698,5,4,Occasional Shopper,3
2023/06/07 9:19:23 AM GMT+5:30,11,Male,Once a month,Beauty and Personal Care;Clothing and Fashion;others,Rarely,Filter,First page,3,Yes,Sometimes,High shipping costs,Never,Yes,Rarely,Yes,1,No,3,1,Customer service,Reducing packaging waste,583111,2,3,Occasional Shopper,1
2023/06/08 5:38:01 PM GMT+5:30,11,Others,Less than once a month,Groceries and Gourmet Food;Beauty and Personal Care;others,Rarely,Filter,Multiple pages,4,Maybe,Never,others,Never,Yes,Never,No,3,Sometimes,3,2,Wide product selection,No problems with Amazon,251069,1,1,Occasional Shopper,1
2023/06/07 9:53:52 PM GMT+5:30,23,Prefer not to say,Few times a month,Beauty and Personal Care;others,Few times a week,Unknown,First page,2,Yes,Always,others,Sometimes,No,Never,No,1,Sometimes,5,3,Wide product selection,Reducing packaging waste,362972,3,5,Occasional Shopper,0
2023/06/04 11:24:41 PM GMT+5:30,62,Prefer not to say,Less than once a month,Beauty and Personal Care;Clothing and Fashion;Home and Kitchen,Few times a month,Keyword,Multiple pages,5,Yes,Never,others,Rarely,Yes,Occasionally,No,4,Yes,3,4,Competitive prices,Customer service responsiveness,894541,1,1,Occasional Shopper,2
2023/06/09 12:22:47 PM GMT+5:30,62,Others,Multiple times a week,Groceries and Gourmet Food;Beauty and Personal Care;Home and Kitchen,Rarely,Keyword,Multiple pages,4,No,Rarely,Found a better price elsewhere,Sometimes,Yes,Heavily,No,5,No,1,2,.,Add more familiar brands to the list,368853,5,2,Occasional Shopper,3
2023/06/09 4:28:58 PM GMT+5:30,16,Male,Less than once a month,others,Multiple times a day,others,Multiple pages,1,Maybe,Always,Found a better price elsewhere,Sometimes,No,Occasionally,No,2,No,1,3,Product recommendations,User interface of app,435727,1,5,Occasional Shopper,2
2023/06/08 5:39:57 PM GMT+5:30,22,Others,Once a month,Groceries and Gourmet Food;Clothing and Fashion,Few times a week,categories,Multiple pages,4,No,Always,High shipping costs,Always,Yes,Occasionally,Yes,4,No,4,1,Customer service,Reducing packaging waste,304520,2,5,Occasional Shopper,1
2023/06/05 2:21:37 PM GMT+5:30,18,Others,Once a week,others,Multiple times a day,Keyword,First page,1,No,Sometimes,Found a better price elsewhere,Always,No,Never,No,4,Sometimes,4,2,Product recommendations,I don't have any problem with Amazon,873144,4,3,Occasional Shopper,3
2023/06/04 10:37:00 PM GMT+5:30,27,Female,Few times a month,Groceries and Gourmet Food;Beauty and Personal Care;Clothing and Fashion;others,Few times a month,Filter,First page,2,No,Often,others,Always,Yes,Rarely,Yes,5,No,3,2,Wide product selection,Add more familiar brands to the list,265678,3,4,Occasional Shopper,1
2023/06/08 6:00:50 PM GMT+5:30,8,Others,Once a month,Clothing and Fashion,Rarely,Unknown,First page,4,Yes,Sometimes,High shipping costs,Always,No,Heavily,No,4,Sometimes,2,1,Competitive prices,I don't have any problem with Amazon,310622,2,3,Occasional Shopper,1
2023/06/09 2:51:07 PM GMT+5:30,48,Male,Once a week,Groceries and Gourmet Food;Beauty and Personal Care;Clothing and Fashion,Rarely,categories,First page,2,Yes,Often,High shipping costs,Often,No,Rarely,No,4,Sometimes,2,4,Customer service,Irrelevant product suggestions,746082,4,4,Frequent Shopper,0
2023/06/11 10:48:27 PM GMT+5:30,41,Prefer not to say,Once a week,Groceries and Gourmet Food;Beauty and Personal Care;Home and Kitchen,Few times a month,Unknown,First page,1,No,Sometimes,Found a better price elsewhere,Never,Yes,Occasionally,No,1,No,2,1,.,User interface of app,316091,4,3,Occasional Shopper,3
2023/06/07 2:09:49 PM GMT+5:30,37,Others,Once a month,Beauty and Personal Care;Clothing and Fashion;Home and Kitchen;others,Rarely,Keyword,First page,5,Maybe,Rarely,others,Never,Yes,Never,No,2,Sometimes,5,1,Wide product selection,I don't have any problem with Amazon,754537,2,2,Occasional Shopper,1
2023/06/11 11:21:30 PM GMT+5:30,65,Male,Less than once a month,Groceries and Gourmet Food;Home and Kitchen;others,Few times a month,Filter,Multiple pages,1,Maybe,Sometimes,others,Often,No,Rarely,No,3,Sometimes,2,3,Quick delivery,Add more familiar brands to the list,984441,1,3,Occasional Shopper,2
2023/06/09 10:26:26 AM GMT+5:30,24,Female,Once a week,Groceries and Gourmet Food;Clothing and Fashion;Home and Kitchen;others,Few times a week,categories,Multiple pages,5,Maybe,Sometimes,High shipping costs,Never,Yes,Occasionally,No,4,Sometimes,4,3,Customer service,No problems with Amazon,448992,4,3,Occasional Shopper,0
2023/06/08 5:40:49 PM GMT+5:30,55,Others,Few times a month,Groceries and Gourmet Food;Clothing and Fashion;others,Few times a week,others,First page,4,Yes,Sometimes,High shipping costs,Rarely,Yes,Occasionally,No,3,No,5,1,Customer service,Customer service responsiveness,387531,3,3,Occasional Shopper,1
2023/06/11 10:54:33 PM GMT+5:30,10,Female,Once a week,Beauty and Personal Care;Clothing and Fashion;Home and Kitchen;others,Multiple times a day,Filter,First page,2,Maybe,Often,Found a better price elsewhere,Often,No,Heavily,Yes,1,No,3,5,Wide product selection,Irrelevant product suggestions,136586,4,4,Frequent Shopper,0
2023/06/07 10:44:42 PM GMT+5:30,66,Others,Less than once a month,Beauty and Personal Care;Clothing and Fashion;Home and Kitchen,Few times a week,Keyword,First page,4,Yes,Sometimes,others,Rarely,Yes,Occasionally,Yes,2,Sometimes,2,5,Wide product selection,Scrolling option would be much better than going to next page,916111,1,3,Occasional Shopper,2
2023/06/07 9:22:24 PM GMT+5:30,36,Others,Multiple times a week,Clothing and Fashion;others,Few times a week,categories,First page,1,No,Rarely,others,Rarely,No,Occasionally,Yes,3,No,3,3,Product recommendations,Shipping speed and reliability,978909,5,2,Occasional Shopper,3
2023/06/07 11:47:07 AM GMT+5:30,26,Female,Less than once a month,Beauty and Personal Care;Clothing and Fashion;Home and Kitchen;others,Few times a month,others,Multiple pages,5,Maybe,Always,others,Often,Yes,Rarely,No,1,Sometimes,3,4,Product recommendations,User interface,910488,1,5,Occasional Shopper,2
2023/06/05 4:50:44 PM GMT+5:30,26,Female,Once a week,Groceries and Gourmet Food;Clothing and Fashion;others,Multiple times a day,categories,First page,1,No,Often,Changed my mind or no longer need the item,Sometimes,Yes,Heavily,Yes,2,No,1,2,Customer service,Scrolling option would be much better than going to next page,791591,4,4,Occasional Shopper,3
2023/06/05 8:52:01 PM GMT+5:30,67,Female,Once a month,Groceries and Gourmet Food;Clothing and Fashion;Home and Kitchen;others,Multiple times a day,others,Multiple pages,2,No,Often,Found a better price elsewhere,Often,Yes,Moderately,Sometimes,1,Yes,2,5,Competitive prices,Quality of product is very poor according to the big offers,846747,2,4,Occasional Shopper,2
2023/06/09 10:59:38 AM GMT+5:30,21,Others,Few times a month,Groceries and Gourmet Food;Beauty and Personal Care;Clothing and Fashion;Home and Kitchen,Multiple times a day,others,Multiple pages,4,Yes,Rarely,Found a better price elsewhere,Sometimes,Yes,Rarely,Sometimes,5,Yes,1,4,Customer service,User interface,878705,3,2,Occasional Shopper,0
2023/06/11 11:04:55 PM GMT+5:30,60,Female,Less than once a month,Clothing and Fashion;others,Multiple times a day,Filter,First page,5,Yes,Sometimes,Found a better price elsewhere,Sometimes,Yes,Heavily,Yes,1,Yes,4,5,All the above,Nothing,867846,1,3,Occasional Shopper,2
2023/06/05 10:36:38 AM GMT+5:30,61,Prefer not to say,Less than once a month,Groceries and Gourmet Food;Beauty and Personal Care;Clothing and Fashion,Few times a month,Unknown,Multiple pages,1,No,Always,High shipping costs,Sometimes,Yes,Rarely,Yes,4,No,2,3,Customer service,No problems with Amazon,203149,1,5,Occasional Shopper,2
2023/06/08 5:29:01 PM GMT+5:30,38,Female,Once a week,Beauty and Personal Care;others,Multiple times a day,others,Multiple pages,3,Yes,Often,High shipping costs,Often,No,Occasionally,No,3,Yes,2,2,Customer service,Shipping speed and reliability,252447,4,4,Occasional Shopper,3
2023/06/08 9:16:26 AM GMT+5:30,62,Prefer not to say,Less than once a month,Beauty and Personal Care;Home and Kitchen,Multiple times a day,Unknown,First page,5,Yes,Often,Found a better price elsewhere,Often,Yes,Occasionally,Yes,5,Yes,3,3,Product recommendations,I have no problem with Amazon yet. But others tell me about the refund issues,609886,1,4,Occasional Shopper,2
2023/06/07 3:08:03 AM GMT+5:30,65,Others,Few times a month,others,Few times a week,Unknown,First page,4,Yes,Never,High shipping costs,Never,Yes,Rarely,Yes,2,Sometimes,2,2,Product recommendations,Nil,998128,3,1,Occasional Shopper,1
2023/06/08 5:45:08 PM GMT+5:30,55,Male,Few times a month,Groceries and Gourmet Food,Few times a week,others,First page,1,No,Often,Changed my mind or no longer need the item,Sometimes,Yes,Never,Sometimes,1,No,4,2,All the above,Customer service responsiveness,812159,3,4,Occasional Shopper,1
2023/06/09 3:17:31 PM GMT+5:30,27,Male,Multiple times a week,Groceries and Gourmet Food;Beauty and Personal Care;Clothing and Fashion;Home and Kitchen,Few times a week,Keyword,First page,2,Yes,Rarely,High shipping costs,Often,No,Rarely,No,1,Sometimes,5,4,Wide product selection,Add more familiar brands to the list,306127,5,2,Frequent Shopper,0
2023/06/05 9:56:08 PM GMT+5:30,67,Female,Less than once a month,Groceries and Gourmet Food;Beauty and Personal Care;Clothing and Fashion;others,Rarely,Unknown,First page,2,Yes,Sometimes,others,Always,Yes,Rarely,Yes,4,Sometimes,1,5,Customer service,Nil,180336,1,3,Occasional Shopper,2
2023/06/07 9:20:34 AM GMT+5:30,47,Prefer not to say,Once a week,Groceries and Gourmet Food;Beauty and Personal Care,Rarely,Keyword,Multiple pages,4,Yes,Always,High shipping costs,Never,No,Never,Yes,1,Yes,3,5,Quick delivery,Irrelevant product suggestions,528616,4,5,Frequent Shopper,0
2023/06/06 9:59:35 AM GMT+5:30,31,Others,Once a month,Groceries and Gourmet Food;Beauty and Personal Care;others,Rarely,Filter,First page,1,Yes,Always,Changed my mind or no longer need the item,Never,Yes,Heavily,No,2,No,2,1,Customer service,I don't have any problem with Amazon,720515,2,5,Occasional Shopper,1
2023/06/08 3:26:38 AM GMT+5:30,61,Female,Few times a month,Groceries and Gourmet Food;Home and Kitchen,Few times a month,others,Multiple pages,4,Maybe,Often,others,Never,No,Occasionally,Sometimes,1,No,2,3,Quick delivery,User interface of app,449446,3,4,Occasional Shopper,0
2023/06/09 9:39:04 AM GMT+5:30,35,Female,Less than once a month,Groceries and Gourmet Food;Home and Kitchen;others,Multiple times a day,categories,First page,4,Maybe,Sometimes,High shipping costs,Sometimes,Yes,Heavily,Sometimes,2,No,5,3,.,UI,694722,1,3,Occasional Shopper,2
2023/06/08 8:26:58 PM GMT+5:30,3,Others,Few times a month,Groceries and Gourmet Food;Beauty and Personal Care;Clothing and Fashion;Home and Kitchen,Few times a week,others,Multiple pages,3,Yes,Always,High shipping costs,Never,Yes,Occasionally,Sometimes,1,No,1,1,.,Product quality and accuracy,912256,3,5,Occasional Shopper,1
2023/06/09 2:39:16 PM GMT+5:30,35,Female,Few times a month,Clothing and Fashion;others,Multiple times a day,Keyword,Multiple pages,3,Maybe,Often,Found a better price elsewhere,Always,Yes,Rarely,Yes,1,Sometimes,4,3,Product recommendations,Irrelevant product suggestions,497133,3,4,Occasional Shopper,0
2023/06/05 10:06:15 PM GMT+5:30,15,Prefer not to say,Multiple times a week,Clothing and Fashion;Home and Kitchen;others,Few times a month,others,First page,1,No,Often,High shipping costs,Sometimes,Yes,Rarely,Sometimes,4,No,4,2,All the above,Reducing packaging waste,277458,5,4,Occasional Shopper,3
2023/06/08 5:58:03 PM GMT+5:30,21,Female,Once a week,others,Multiple times a day,Keyword,Multiple pages,1,Maybe,Rarely,High shipping costs,Sometimes,Yes,Occasionally,No,2,Yes,5,5,Wide product selection,Add more familiar brands to the list,904049,4,2,Frequent Shopper,0
2023/06/04 8:00:11 PM GMT+5:30,19,Others,Once a week,Groceries and Gourmet Food;Clothing and Fashion,Multiple times a day,Keyword,Multiple pages,1,No,Never,Changed my mind or no longer need the item,Always,Yes,Moderately,Yes,5,No,4,1,Wide product selection,User interface of app,329305,4,1,At Risk,3
2023/06/08 5:54:49 PM GMT+5:30,35,Others,Multiple times a week,Beauty and Personal Care;Home and Kitchen,Few times a month,Unknown,First page,5,No,Always,High shipping costs,Always,No,Rarely,Yes,2,Sometimes,2,1,Wide product selection,Quality of product is very poor according to the big offers,358654,5,5,Occasional Shopper,3
2023/06/08 5:59:20 PM GMT+5:30,41,Female,Less than once a month,Groceries and Gourmet Food;Beauty and Personal Care;Clothing and Fashion,Rarely,categories,Multiple pages,4,No,Always,others,Always,No,Rarely,Yes,5,No,3,1,All the above,better app interface and lower shipping charges,427607,1,5,Occasional Shopper,1
2023/06/08 5:19:41 PM GMT+5:30,55,Male,Once a month,Groceries and Gourmet Food;Beauty and Personal Care;Clothing and Fashion;Home and Kitchen,Multiple times a day,others,Multiple pages,2,Maybe,Sometimes,Found a better price elsewhere,Never,No,Occasionally,Sometimes,1,Yes,2,3,Customer service,I have no problem with Amazon yet. But others tell me about the refund issues,541800,2,3,Occasional Shopper,2
2023/06/07 12:13:39 PM GMT+5:30,26,Female,Once a week,Groceries and Gourmet Food;Beauty and Personal Care;Clothing and Fashion;Home and Kitchen;others,Multiple times a day,Keyword,Multiple pages,5,Maybe,Rarely,Changed my mind or no longer need the item,Never,No,Heavily,Sometimes,1,Sometimes,5,1,Product recommendations,User interface of app,541700,4,2,Occasional Shopper,3
2023/06/11 10:59:30 PM GMT+5:30,37,Prefer not to say,Once a week,Clothing and Fashion;Home and Kitchen;others,Few times a week,others,Multiple pages,4,Yes,Never,High shipping costs,Always,No,Never,No,2,Sometimes,5,5,User-friendly website/app interface,Customer service responsiveness,486700,4,1,Frequent Shopper,0
2023/06/04 9:48:15 PM GMT+5:30,61,Female,Multiple times a week,Groceries and Gourmet Food;Beauty and Personal Care;others,Multiple times a day,Unknown,Multiple pages,1,Maybe,Always,others,Always,Yes,Rarely,No,5,Sometimes,1,2,Product recommendations,Shipping speed and reliability,457641,5,5,Occasional Shopper,3
2023/06/05 8:46:09 PM GMT+5:30,14,Male,Once a month,others,Rarely,Keyword,Multiple pages,1,Maybe,Often,Changed my mind or no longer need the item,Often,Yes,Moderately,Yes,4,Yes,5,3,Customer service,better app interface and lower shipping charges,813681,2,4,Occasional Shopper,2
2023/06/09 3:22:15 PM GMT+5:30,40,Female,Multiple times a week,Home and Kitchen;others,Rarely,others,Multiple pages,2,Maybe,Rarely,others,Never,No,Never,Sometimes,1,No,1,2,All the above,Product quality and accuracy,432836,5,2,Occasional Shopper,3
2023/06/07 11:54:03 AM GMT+5:30,63,Female,Few times a month,Groceries and Gourmet Food;Beauty and Personal Care;Clothing and Fashion;Home and Kitchen,Few times a week,others,First page,3,No,Always,Changed my mind or no longer need the item,Rarely,Yes,Occasionally,Sometimes,2,Yes,1,4,Product recommendations,User interface,405098,3,5,Occasional Shopper,0
2023/06/12 3:40:25 PM GMT+5:30,42,Male,Few times a month,Groceries and Gourmet Food;Beauty and Personal Care;Clothing and Fashion;Home and Kitchen,Few times a week,Unknown,Multiple pages,4,Yes,Rarely,others,Sometimes,No,Never,Sometimes,1,Yes,5,1,Customer service,Shipping speed and reliability,572632,3,2,Occasional Shopper,1
2023/06/04 5:04:56 PM GMT+5:30,66,Prefer not to say,Multiple times a week,Beauty and Personal Care;Clothing and Fashion;Home and Kitchen,Rarely,others,Multiple pages,5,Maybe,Always,High shipping costs,Often,Yes,Rarely,Yes,2,Sometimes,5,5,.,Scrolling option would be much better than going to next page,766064,5,5,Frequent Shopper,0
2023/06/11 11:20:57 PM GMT+5:30,18,Female,Less than once a month,Groceries and Gourmet Food;Home and Kitchen,Multiple times a day,categories,Multiple pages,1,Maybe,Often,High shipping costs,Rarely,No,Occasionally,No,3,No,2,3,Product recommendations,UI,667760,1,4,Occasional Shopper,2
2023/06/07 6:28:35 PM GMT+5:30,13,Others,Once a week,Groceries and Gourmet Food;Clothing and Fashion;others,Rarely,others,First page,5,Yes,Always,Found a better price elsewhere,Sometimes,No,Heavily,Yes,1,No,1,4,Customer service,.,121243,4,5,Frequent Shopper,0
2023/06/11 11:15:03 PM GMT+5:30,13,Prefer not to say,Multiple times a week,Groceries and Gourmet Food;Beauty and Personal Care;others,Few times a week,others,First page,4,Yes,Always,others,Often,No,Occasionally,Sometimes,1,No,2,2,Product recommendations,Irrelevant product suggestions,837663,5,5,Occasional Shopper,3
2023/06/07 10:57:14 AM GMT+5:30,56,Prefer not to say,Once a month,Clothing and Fashion,Few times a month,Filter,First page,4,Yes,Always,High shipping costs,Sometimes,No,Never,No,3,No,2,2,Quick delivery,I have no problem with Amazon yet. But others tell me about the refund issues,659167,2,5,Occasional Shopper,1
2023/06/11 11:16:18 PM GMT+5:30,25,Male,Multiple times a week,Clothing and Fashion;Home and Kitchen;others,Few times a month,categories,Multiple pages,1,Maybe,Always,Changed my mind or no longer need the item,Never,Yes,Heavily,Yes,2,No,3,4,Wide product selection,User interface,760655,5,5,Frequent Shopper,0
2023/06/04 11:24:41 PM GMT+5:30,63,Male,Once a week,Home and Kitchen,Multiple times a day,others,Multiple pages,4,Yes,Rarely,High shipping costs,Often,Yes,Rarely,Sometimes,2,Yes,2,1,Wide product selection,Nil,671008,4,2,Occasional Shopper,3
2023/06/12 3:35:24 PM GMT+5:30,61,Prefer not to say,Few times a month,Groceries and Gourmet Food;Beauty and Personal Care;Clothing and Fashion;Home and Kitchen,Few times a week,Filter,First page,4,No,Often,others,Never,Yes,Never,No,3,Yes,4,5,Competitive prices,I don't have any problem with Amazon,354183,3,4,Occasional Shopper,0
2023/06/11 11:05:38 PM GMT+5:30,47,Prefer not to say,Once a week,Groceries and Gourmet Food;Beauty and Personal Care,Multiple times a day,others,Multiple pages,3,Maybe,Always,Changed my mind or no longer need the item,Rarely,No,Occasionally,Yes,3,No,3,2,Competitive prices,Product quality and accuracy,498801,4,5,Occasional Shopper,3
2023/06/05 2:16:16 PM GMT+5:30,63,Male,Once a month,others,Multiple times a day,others,First page,3,No,Never,High shipping costs,Never,Yes,Heavily,Yes,2,Yes,4,5,Quick delivery,better app interface and lower shipping charges,767147,2,1,Occasional Shopper,2
2023/06/09 8:10:05 AM GMT+5:30,46,Male,Once a week,Groceries and Gourmet Food,Few times a week,Filter,Multiple pages,2,No,Never,Found a better price elsewhere,Sometimes,Yes,Rarely,Yes,4,Yes,5,1,User-friendly website/app interface,Quality of product is very poor according to the big offers,538014,4,1,At Risk,3
2023/06/08 10:21:20 PM GMT+5:30,17,Others,Once a week,Groceries and Gourmet Food;Clothing and Fashion,Few times a month,categories,Multiple pages,1,No,Rarely,others,Often,Yes,Rarely,Sometimes,2,Yes,1,2,All the above,Scrolling option would be much better than going to next page,971732,4,2,Occasional Shopper,3
2023/06/08 9:40:50 PM GMT+5:30,21,Prefer not to say,Once a week,Groceries and Gourmet Food;Home and Kitchen,Rarely,others,First page,5,No,Never,Changed my mind or no longer need the item,Always,No,Occasionally,Sometimes,4,Yes,3,4,Competitive prices,.,852003,4,1,Frequent Shopper,0
2023/06/09 3:17:31 PM GMT+5:30,16,Male,Once a week,Beauty and Personal Care;Home and Kitchen;others,Multiple times a day,categories,Multiple pages,1,Yes,Never,Found a better price elsewhere,Often,No,Heavily,Sometimes,1,No,5,1,Product recommendations,Shipping speed and reliability,737814,4,1,At Risk,3
2023/06/08 5:25:40 PM GMT+5:30,45,Prefer not to say,Multiple times a week,Beauty and Personal Care;Home and Kitchen;others,Multiple times a day,Filter,First page,2,Yes,Rarely,others,Never,Yes,Rarely,No,2,Sometimes,4,2,Competitive prices,.,244357,5,2,Occasional Shopper,3
2023/06/04 8:54:36 PM GMT+5:30,60,Prefer not to say,Once a week,Clothing and Fashion,Rarely,Unknown,Multiple pages,5,Yes,Rarely,Found a better price elsewhere,Sometimes,No,Occasionally,No,1,Yes,1,5,Wide product selection,Add more familiar brands to the list,352768,4,2,Frequent Shopper,0
2023/06/11 10:44:46 PM GMT+5:30,54,Male,Less than once a month,Groceries and Gourmet Food;Beauty and Personal Care;Clothing and Fashion;Home and Kitchen;others,Few times a week,Keyword,Multiple pages,3,Maybe,Never,others,Never,Yes,Rarely,No,2,Yes,1,2,Customer service,.,946399,1,1,Occasional Shopper,1
2023/06/11 11:19:45 PM GMT+5:30,38,Others,Multiple times a week,Beauty and Personal Care;others,Few times a week,Unknown,First page,1,Yes,Often,High shipping costs,Never,Yes,Moderately,Yes,5,No,4,4,Customer service,Nothing,670033,5,4,Frequent Shopper,0
2023/06/05 2:17:45 PM GMT+5:30,54,Others,Once a week,Beauty and Personal Care;others,Rarely,Filter,Multiple pages,4,No,Sometimes,Found a better price elsewhere,Never,Yes,Heavily,Yes,2,Yes,4,4,Quick delivery,I have no problem with Amazon yet. But others tell me about the refund issues,365930,4,3,Frequent Shopper,0
2023/06/08 5:42:23 PM GMT+5:30,58,Prefer not to say,Once a week,Groceries and Gourmet Food;Home and Kitchen;others,Few times a month,Keyword,First page,1,Yes,Always,Found a better price elsewhere,Always,Yes,Never,Sometimes,2,No,1,2,Quick delivery,better app interface and lower shipping charges,823667,4,5,Occasional Shopper,3
2023/06/09 4:29:23 PM GMT+5:30,3,Female,Once a month,Groceries and Gourmet Food;Clothing and Fashion;others,Rarely,categories,First page,3,No,Always,Changed my mind or no longer need the item,Often,No,Never,No,3,Yes,1,3,Customer service,Scrolling option would be much better than going to next page,876223,2,5,Occasional Shopper,2
2023/06/07 11:10:09 PM GMT+5:30,60,Prefer not to say,Once a month,Clothing and Fashion;others,Multiple times a day,categories,Multiple pages,4,Yes,Never,Changed my mind or no longer need the item,Never,No,Moderately,Sometimes,2,Yes,3,5,Competitive prices,No problems with Amazon,420509,2,1,Occasional Shopper,2
2023/06/07 10:39:21 PM GMT+5:30,17,Male,Once a month,others,Multiple times a day,categories,Multiple pages,3,Yes,Rarely,Changed my mind or no longer need the item,Often,Yes,Never,Yes,3,Sometimes,1,3,Customer service,Nothing,283016,2,2,Occasional Shopper,2
2023/06/09 9:35:19 AM GMT+5:30,9,Male,Once a month,Groceries and Gourmet Food;Clothing and Fashion;Home and Kitchen,Rarely,categories,First page,5,No,Often,Changed my mind or no longer need the item,Often,No,Moderately,Yes,1,Sometimes,5,5,All the above,Add more familiar brands to the list,168397,2,4,Occasional Shopper,2
2023/06/06 8:56:17 PM GMT+5:30,5,Prefer not to say,Few times a month,Beauty and Personal Care;Clothing and Fashion;others,Few times a month,categories,First page,4,No,Always,others,Never,No,Occasionally,Sometimes,5,Yes,3,1,Wide product selection,I have no problem with Amazon yet. But others tell me about the refund issues,786717,3,5,Occasional Shopper,1
2023/06/09 9:31:57 AM GMT+5:30,67,Female,Multiple times a week,Beauty and Personal Care;others,Few times a month,others,Multiple pages,1,No,Sometimes,Changed my mind or no longer need the item,Rarely,No,Heavily,Yes,3,Sometimes,3,4,Customer service,User interface,988894,5,3,Frequent Shopper,0
2023/06/08 6:00:20 PM GMT+5:30,49,Female,Once a month,Beauty and Personal Care;Clothing and Fashion;Home and Kitchen,Rarely,Keyword,First page,2,Yes,Rarely,Changed my mind or no longer need the item,Never,No,Rarely,Sometimes,2,Yes,4,5,Competitive prices,.,469219,2,2,Occasional Shopper,2
2023/06/07 10:39:21 PM GMT+5:30,31,Female,Multiple times a week,Groceries and Gourmet Food;Beauty and Personal Care;Clothing and Fashion,Few times a week,categories,First page,4,Yes,Sometimes,Changed my mind or no longer need the item,Often,No,Moderately,Yes,2,Yes,4,3,.,No problems with Amazon,806724,5,3,Occasional Shopper,3
2023/06/05 12:05:20 AM GMT+5:30,15,Others,Multiple times a week,Clothing and Fashion;Home and Kitchen;others,Few times a week,Filter,Multiple pages,2,Maybe,Sometimes,others,Sometimes,No,Rarely,Yes,1,Yes,1,1,User-friendly website/app interface,UI,458404,5,3,Occasional Shopper,3
2023/06/07 9:18:55 PM GMT+5:30,61,Others,Few times a month,Groceries and Gourmet Food;Clothing and Fashion;Home and Kitchen;others,Multiple times a day,categories,Multiple pages,4,Maybe,Sometimes,Changed my mind or no longer need the item,Rarely,Yes,Rarely,Yes,4,Yes,5,4,Product recommendations,Shipping speed and reliability,895165,3,3,Occasional Shopper,0
2023/06/08 5:08:27 PM GMT+5:30,38,Prefer not to say,Once a week,Groceries and Gourmet Food;Clothing and Fashion,Rarely,others,First page,5,Yes,Sometimes,others,Sometimes,Yes,Never,Sometimes,3,No,1,1,.,User interface,845762,4,3,Occasional Shopper,3
2023/06/09 3:24:36 PM GMT+5:30,40,Female,Few times a month,Groceries and Gourmet Food;Home and Kitchen;others,Few times a month,others,First page,3,Maybe,Always,High shipping costs,Sometimes,Yes,Rarely,Yes,5,Yes,4,1,Wide product selection,Reducing packaging waste,743851,3,5,Occasional Shopper,1
2023/06/11 10:42:48 PM GMT+5:30,33,Male,Less than once a month,Groceries and Gourmet Food;Beauty and Personal Care,Few times a month,Unknown,First page,4,Yes,Never,Changed my mind or no longer need the item,Never,Yes,Heavily,Yes,1,Sometimes,4,3,Quick delivery,.,858484,1,1,Occasional Shopper,2
2023/06/05 4:26:25 AM GMT+5:30,58,Prefer not to say,Multiple times a week,Beauty and Personal Care;others,Rarely,categories,First page,2,Maybe,Always,Changed my mind or no longer need the item,Sometimes,No,Rarely,Yes,1,Sometimes,2,1,Customer service,Nil,719456,5,5,Occasional Shopper,3
2023/06/06 6:44:50 PM GMT+5:30,3,Prefer not to say,Once a month,Clothing and Fashion;Home and Kitchen;others,Rarely,Unknown,Multiple pages,5,Yes,Rarely,others,Often,Yes,Occasionally,Sometimes,4,Yes,4,4,User-friendly website/app interface,Shipping speed and reliability,314230,2,2,Occasional Shopper,2
2023/06/09 10:26:26 AM GMT+5:30,29,Female,Multiple times a week,Beauty and Personal Care;Clothing and Fashion;others,Multiple times a day,others,Multiple pages,1,No,Often,Found a better price elsewhere,Never,No,Rarely,Yes,4,Yes,5,2,All the above,Nil,179677,5,4,Occasional Shopper,3
2023/06/07 6:30:43 PM GMT+5:30,13,Male,Few times a month,Groceries and Gourmet Food;Beauty and Personal Care;others,Few times a week,categories,Multiple pages,2,Yes,Rarely,Changed my mind or no longer need the item,Never,No,Moderately,No,2,Yes,5,3,.,Reducing packaging waste,114920,3,2,Occasional Shopper,0
2023/06/08 3:24:37 AM GMT+5:30,28,Prefer not to say,Once a week,Beauty and Personal Care;Clothing and Fashion;Home and Kitchen,Rarely,categories,First page,3,Maybe,Sometimes,Found a better price elsewhere,Always,Yes,Occasionally,No,5,No,5,2,Product recommendations,Shipping speed and reliability,745511,4,3,Occasional Shopper,3
2023/06/07 12:13:39 PM GMT+5:30,37,Prefer not to say,Multiple times a week,Beauty and Personal Care;Home and Kitchen,Multiple times a day,Filter,Multiple pages,4,No,Often,others,Rarely,No,Occasionally,Sometimes,3,Sometimes,2,5,Wide product selection,Product quality and accuracy,353679,5,4,Frequent Shopper,0
2023/06/05 1:28:44 PM GMT+5:30,37,Female,Few times a month,Groceries and Gourmet Food;Clothing and Fashion;Home and Kitchen;others,Multiple times a day,Keyword,Multiple pages,2,Maybe,Sometimes,Found a better price elsewhere,Never,No,Moderately,Sometimes,4,Yes,2,2,Customer service,Nothing,458183,3,3,Occasional Shopper,1
2023/06/05 12:39:14 AM GMT+5:30,11,Male,Few times a month,Beauty and Personal Care;Clothing and Fashion,Rarely,Unknown,Multiple pages,2,Maybe,Never,Found a better price elsewhere,Sometimes,Yes,Heavily,No,1,Sometimes,1,5,User-friendly website/app interface,Nil,612764,3,1,Occasional Shopper,0
2023/06/07 12:29:31 PM GMT+5:30,21,Prefer not to say,Once a month,Groceries and Gourmet Food;Beauty and Personal Care;Clothing and Fashion;Home and Kitchen;others,Multiple times a day,Keyword,First page,3,Maybe,Rarely,others,Rarely,Yes,Rarely,No,2,Yes,4,4,User-friendly website/app interface,Scrolling option would be much better than going to next page,963588,2,2,Occasional Shopper,2
2023/06/06 6:38:49 PM GMT+5:30,13,Prefer not to say,Multiple times a week,Beauty and Personal Care;Clothing and Fashion;Home and Kitchen;others,Few times a month,Unknown,First page,4,Yes,Never,Changed my mind or no longer need the item,Rarely,No,Moderately,Sometimes,3,Sometimes,4,1,Customer service,Quality of product is very poor according to the big offers,544092,5,1,At Risk,3
2023/06/06 7:23:25 PM GMT+5:30,26,Male,Few times a month,Groceries and Gourmet Food;Beauty and Personal Care;Clothing and Fashion,Rarely,others,Multiple pages,2,Yes,Rarely,Changed my mind or no longer need the item,Never,Yes,Moderately,Yes,1,Sometimes,3,5,Quick delivery,Customer service responsiveness,750408,3,2,Occasional Shopper,0
2023/06/05 2:21:37 PM GMT+5:30,56,Prefer not to say,Less than once a month,Groceries and Gourmet Food;Clothing and Fashion;others,Multiple times a day,Unknown,First page,5,Maybe,Sometimes,Changed my mind or no longer need the item,Sometimes,No,Rarely,Sometimes,4,Yes,4,4,Product recommendations,Irrelevant product suggestions,153157,1,3,Occasional Shopper,2
2023/06/07 11:48:25 AM GMT+5:30,32,Prefer not to say,Few times a month,Clothing and Fashion;others,Multiple times a day,Unknown,Multiple pages,2,Maybe,Sometimes,High shipping costs,Rarely,No,Occasionally,Yes,4,Yes,3,3,Customer service,Add more familiar brands to the list,460334,3,3,Occasional Shopper,0
2023/06/05 10:36:38 AM GMT+5:30,18,Male,Multiple times a week,Groceries and Gourmet Food;Beauty and Personal Care;Clothing and Fashion,Rarely,Keyword,First page,5,Yes,Always,Changed my mind or no longer need the item,Sometimes,Yes,Moderately,Sometimes,4,Sometimes,1,4,Wide product selection,.,931163,5,5,Frequent Shopper,0
2023/06/08 3:28:23 AM GMT+5:30,55,Prefer not to say,Multiple times a week,Home and Kitchen;others,Multiple times a day,others,First page,1,No,Always,Found a better price elsewhere,Rarely,Yes,Moderately,No,3,No,4,2,Customer service,User interface of app,993046,5,5,Occasional Shopper,3
2023/06/09 7:24:06 PM GMT+5:30,15,Others,Less than once a month,Clothing and Fashion,Few times a week,others,Multiple pages,2,Yes,Always,Found a better price elsewhere,Always,Yes,Rarely,No,4,No,1,4,Customer service,Irrelevant product suggestions,927319,1,5,Occasional Shopper,2
2023/06/11 2:07:39 PM GMT+5:30,60,Prefer not to say,Multiple times a week,Clothing and Fashion;Home and Kitchen;others,Multiple times a day,Filter,Multiple pages,2,Maybe,Rarely,others,Often,Yes,Rarely,Yes,4,No,5,2,All the above,Nil,242428,5,2,Occasional Shopper,3
2023/06/06 8:57:23 PM GMT+5:30,50,Male,Few times a month,Beauty and Personal Care;Clothing and Fashion;others,Rarely,Keyword,First page,1,Yes,Often,Found a better price elsewhere,Rarely,Yes,Moderately,Sometimes,2,Yes,1,5,Product recommendations,better app interface and lower shipping charges,870136,3,4,Occasional Shopper,0
2023/06/08 5:34:27 PM GMT+5:30,45,Female,Multiple times a week,Beauty and Personal Care;Clothing and Fashion;Home and Kitchen;others,Multiple times a day,Keyword,Multiple pages,5,No,Always,Found a better price elsewhere,Often,Yes,Never,Sometimes,5,Yes,3,3,Wide product selection,Scrolling option would be much better than going to next page,366350,5,5,Occasional Shopper,3
2023/06/11 11:15:03 PM GMT+5:30,63,Male,Less than once a month,Groceries and Gourmet Food;Beauty and Personal Care;Clothing and Fashion;Home and Kitchen,Few times a week,others,Multiple pages,5,Maybe,Sometimes,Changed my mind or no longer need the item,Sometimes,No,Occasionally,Sometimes,4,No,4,4,Wide product selection,Irrelevant product suggestions,894848,1,3,Occasional Shopper,2
2023/06/10 10:49:42 AM GMT+5:30,42,Female,Once a month,Groceries and Gourmet Food;Clothing and Fashion;Home and Kitchen;others,Rarely,Unknown,First page,5,Maybe,Sometimes,Found a better price elsewhere,Sometimes,No,Moderately,Sometimes,1,Sometimes,3,5,Customer service,Customer service responsiveness,265058,2,3,Occasional Shopper,2
2023/06/07 6:09:58 AM GMT+5:30,55,Male,Few times a month,Beauty and Personal Care;others,Multiple times a day,Keyword,Multiple pages,5,Yes,Sometimes,Found a better price elsewhere,Sometimes,Yes,Never,No,4,Sometimes,2,2,User-friendly website/app interface,User interface of app,290761,3,3,Occasional Shopper,1
2023/06/06 11:20:53 AM GMT+5:30,65,Male,Multiple times a week,others,Multiple times a day,categories,Multiple pages,5,No,Never,Changed my mind or no longer need the item,Always,Yes,Heavily,Sometimes,4,Yes,1,4,Competitive prices,Customer service responsiveness,688605,5,1,Frequent Shopper,0
2023/06/04 10:37:00 PM GMT+5:30,48,Female,Less than once a month,Beauty and Personal Care;Home and Kitchen,Multiple times a day,Keyword,First page,4,Yes,Always,Found a better price elsewhere,Never,No,Occasionally,No,5,Sometimes,4,5,Quick delivery,Nothing,267363,1,5,Occasional Shopper,2
2023/06/07 2:11:50 PM GMT+5:30,45,Prefer not to say,Once a month,Beauty and Personal Care,Few times a month,Filter,Multiple pages,2,Yes,Sometimes,High shipping costs,Rarely,Yes,Rarely,No,2,Yes,5,1,User-friendly website/app interface,Product quality and accuracy,342923,2,3,Occasional Shopper,1
2023/06/07 2:09:49 PM GMT+5:30,29,Female,Multiple times a week,Groceries and Gourmet Food;Beauty and Personal Care;Home and Kitchen,Few times a month,Keyword,First page,1,Maybe,Sometimes,Changed my mind or no longer need the item,Sometimes,Yes,Rarely,No,3,Yes,1,1,Wide product selection,User interface of app,453643,5,3,Occasional Shopper,3
2023/06/12 3:54:44 PM GMT+5:30,8,Female,Less than once a month,Groceries and Gourmet Food;Clothing and Fashion,Few times a week,categories,Multiple pages,3,Maybe,Sometimes,Found a better price elsewhere,Rarely,Yes,Occasionally,No,2,Yes,5,4,Customer service,Irrelevant product suggestions,305111,1,3,Occasional Shopper,2
2023/06/06 6:45:07 PM GMT+5:30,16,Prefer not to say,Less than once a month,Clothing and Fashion;others,Rarely,Unknown,First page,2,No,Rarely,Found a better price elsewhere,Sometimes,No,Never,No,4,Sometimes,4,3,User-friendly website/app interface,UI,680550,1,2,Occasional Shopper,2
2023/06/07 4:46:12 PM GMT+5:30,19,Others,Few times a month,Groceries and Gourmet Food;Beauty and Personal Care;Clothing and Fashion;Home and Kitchen,Few times a month,Filter,Multiple pages,3,Maybe,Never,High shipping costs,Always,No,Never,No,2,Sometimes,5,2,Product recommendations,Add more familiar brands to the list,797553,3,1,Occasional Shopper,1
2023/06/05 10:06:15 PM GMT+5:30,29,Others,Once a month,Beauty and Personal Care,Rarely,categories,First page,2,Maybe,Sometimes,Changed my mind or no longer need the item,Rarely,Yes,Rarely,Yes,3,Sometimes,4,3,Competitive prices,.,784195,2,3,Occasional Shopper,2
2023/06/08 9:17:38 PM GMT+5:30,67,Prefer not to say,Once a month,Groceries and Gourmet Food;Home and Kitchen;others,Multiple times a day,Unknown,First page,4,No,Sometimes,Found a better price elsewhere,Often,Yes,Never,No,2,Sometimes,1,3,Quick delivery,.,658490,2,3,Occasional Shopper,2
2023/06/08 5:23:08 PM GMT+5:30,44,Others,Few times a month,Clothing and Fashion;others,Multiple times a day,Unknown,Multiple pages,4,Maybe,Often,Changed my mind or no longer need the item,Always,No,Heavily,No,1,Yes,5,1,Quick delivery,Nil,739488,3,4,Occasional Shopper,1
2023/06/04 11:27:53 PM GMT+5:30,10,Others,Less than once a month,Beauty and Personal Care;Clothing and Fashion;Home and Kitchen,Multiple times a day,others,Multiple pages,3,Maybe,Often,High shipping costs,Sometimes,No,Occasionally,Yes,3,Sometimes,1,4,Wide product selection,Customer service responsiveness,507435,1,4,Occasional Shopper,2
2023/06/07 1:25:26 PM GMT+5:30,35,Others,Once a month,Groceries and Gourmet Food;Clothing and Fashion;others,Rarely,Keyword,First page,2,Yes,Never,High shipping costs,Sometimes,No,Rarely,No,2,Sometimes,4,5,All the above,No problems with Amazon,575640,2,1,Occasional Shopper,2
2023/06/11 9:31:41 AM GMT+5:30,52,Others,Multiple times a week,Groceries and Gourmet Food;Beauty and Personal Care;others,Rarely,others,First page,1,Yes,Rarely,High shipping costs,Sometimes,No,Moderately,Yes,5,Yes,5,1,All the above,Customer service responsiveness,451463,5,2,Occasional Shopper,3
2023/06/07 9:18:55 PM GMT+5:30,63,Prefer not to say,Once a week,Groceries and Gourmet Food;Beauty and Personal Care;others,Few times a week,Filter,First page,5,Yes,Never,High shipping costs,Rarely,No,Heavily,No,2,No,2,5,Competitive prices,Reducing packaging waste,565915,4,1,Frequent Shopper,0
2023/06/07 4:10:33 PM GMT+5:30,36,Prefer not to say,Once a month,Groceries and Gourmet Food;Beauty and Personal Care;Clothing and Fashion;others,Few times a week,categories,First page,3,Maybe,Sometimes,High shipping costs,Never,Yes,Heavily,Sometimes,4,No,4,1,.,Scrolling option would be much better than going to next page,991516,2,3,Occasional Shopper,1
2023/06/05 9:20:17 AM GMT+5:30,39,Female,Less than once a month,Beauty and Personal Care;Clothing and Fashion;Home and Kitchen;others,Multiple times a day,Keyword,Multiple pages,2,No,Sometimes,Found a better price elsewhere,Often,No,Heavily,No,1,Yes,2,3,Quick delivery,Nil,540446,1,3,Occasional Shopper,2
2023/06/12 4:02:02 PM GMT+5:30,15,Prefer not to say,Once a month,Beauty and Personal Care;Clothing and Fashion;Home and Kitchen,Few times a week,Filter,First page,2,Maybe,Rarely,others,Never,Yes,Rarely,Yes,5,Yes,1,4,Product recommendations,I don't have any problem with Amazon,186046,2,2,Occasional Shopper,2
2023/06/08 3:29:26 AM GMT+5:30,11,Male,Few times a month,Groceries and Gourmet Food;Beauty and Personal Care;Home and Kitchen,Few times a month,Filter,First page,5,No,Sometimes,Changed my mind or no longer need the item,Rarely,No,Rarely,Yes,1,No,1,2,Product recommendations,Scrolling option would be much better than going to next page,328440,3,3,Occasional Shopper,1
2023/06/09 4:30:15 PM GMT+5:30,60,Female,Once a month,Groceries and Gourmet Food;Home and Kitchen,Multiple times a day,Unknown,First page,1,Maybe,Rarely,High shipping costs,Always,No,Heavily,No,3,Yes,3,3,Competitive prices,Reducing packaging waste,545745,2,2,Occasional Shopper,2
2023/06/06 6:33:23 PM GMT+5:30,20,Female,Once a month,Groceries and Gourmet Food;Home and Kitchen,Multiple times a day,Unknown,First page,1,Yes,Rarely,High shipping costs,Never,No,Heavily,Sometimes,4,No,3,5,.,Quality of product is very poor according to the big offers,725410,2,2,Occasional Shopper,2
2023/06/06 6:32:00 PM GMT+5:30,18,Others,Multiple times a week,Home and Kitchen,Few times a month,Keyword,Multiple pages,2,No,Never,Changed my mind or no longer need the item,Never,No,Occasionally,No,3,Yes,1,3,Product recommendations,Nil,679841,5,1,Occasional Shopper,3
2023/06/07 11:41:56 AM GMT+5:30,51,Female,Once a week,Beauty and Personal Care;Clothing and Fashion;others,Rarely,categories,Multiple pages,5,Maybe,Never,Changed my mind or no longer need the item,Always,Yes,Never,Sometimes,1,Yes,3,1,Customer service,No problems with Amazon,818624,4,1,At Risk,3
2023/06/08 3:23:58 AM GMT+5:30,53,Female,Few times a month,Clothing and Fashion;Home and Kitchen,Multiple times a day,others,First page,3,Yes,Rarely,Found a better price elsewhere,Sometimes,No,Occasionally,No,2,No,3,1,User-friendly website/app interface,Quality of product is very poor according to the big offers,660877,3,2,Occasional Shopper,1
2023/06/08 5:06:30 PM GMT+5:30,67,Others,Once a month,Home and Kitchen;others,Few times a week,Filter,First page,4,Yes,Never,Found a better price elsewhere,Often,Yes,Heavily,Sometimes,2,Sometimes,5,2,Customer service,Product quality and accuracy,771708,2,1,Occasional Shopper,1
2023/06/07 1:25:26 PM GMT+5:30,40,Prefer not to say,Once a week,Groceries and Gourmet Food;Home and Kitchen,Multiple times a day,Unknown,Multiple pages,4,Maybe,Sometimes,Found a better price elsewhere,Always,Yes,Moderately,Sometimes,4,Yes,3,2,Wide product selection,User interface of app,837191,4,3,Occasional Shopper,3
2023/06/05 12:36:02 AM GMT+5:30,17,Others,Multiple times a week,Groceries and Gourmet Food;Beauty and Personal Care;Home and Kitchen,Few times a month,Filter,Multiple pages,4,Yes,Sometimes,others,Never,No,Rarely,No,1,Sometimes,4,1,User-friendly website/app interface,.,502386,5,3,Occasional Shopper,3
2023/06/08 5:07:35 PM GMT+5:30,55,Prefer not to say,Few times a month,Beauty and Personal Care;Clothing and Fashion,Few times a month,Keyword,First page,1,No,Sometimes,Changed my mind or no longer need the item,Sometimes,Yes,Rarely,Sometimes,4,No,5,1,Competitive prices,Quality of product is very poor according to the big offers,850593,3,3,Occasional Shopper,1
2023/06/05 11:54:52 AM GMT+5:30,67,Prefer not to say,Multiple times a week,Beauty and Personal Care;Home and Kitchen,Few times a month,others,Multiple pages,5,No,Always,High shipping costs,Never,Yes,Heavily,Sometimes,4,No,5,2,Quick delivery,Nothing,154194,5,5,Occasional Shopper,3
2023/06/09 9:31:57 AM GMT+5:30,11,Prefer not to say,Multiple times a week,Beauty and Personal Care;Clothing and Fashion,Few times a month,categories,First page,4,Maybe,Never,High shipping costs,Sometimes,Yes,Moderately,Sometimes,2,No,3,4,Wide product selection,.,957690,5,1,Frequent Shopper,0
2023/06/09 10:58:44 AM GMT+5:30,47,Others,Multiple times a week,Groceries and Gourmet Food;Clothing and Fashion,Few times a week,Filter,First page,3,Yes,Sometimes,High shipping costs,Never,No,Occasionally,Yes,3,Yes,4,2,Wide product selection,Reducing packaging waste,955038,5,3,Occasional Shopper,3
2023/06/06 7:18:01 PM GMT+5:30,17,Male,Less than once a month,Groceries and Gourmet Food;Clothing and Fashion,Few times a month,Unknown,Multiple pages,1,No,Often,others,Often,Yes,Rarely,Sometimes,1,Sometimes,5,3,Wide product selection,Scrolling option would be much better than going to next page,890872,1,4,Occasional Shopper,2
2023/06/08 5:43:45 PM GMT+5:30,40,Others,Few times a month,Clothing and Fashion;Home and Kitchen,Rarely,others,First page,2,Maybe,Sometimes,High shipping costs,Sometimes,No,Never,Sometimes,5,Yes,5,2,Competitive prices,Reducing packaging waste,880702,3,3,Occasional Shopper,1
2023/06/11 10:57:34 PM GMT+5:30,25,Prefer not to say,Multiple times a week,Groceries and Gourmet Food;Beauty and Personal Care;others,Rarely,Keyword,First page,2,No,Rarely,Changed my mind or no longer need the item,Always,Yes,Heavily,Yes,3,No,2,3,Product recommendations,Add more familiar brands to the list,470712,5,2,Occasional Shopper,3
2023/06/09 10:58:13 AM GMT+5:30,17,Male,Once a month,Clothing and Fashion;Home and Kitchen,Few times a week,Keyword,Multiple pages,3,No,Rarely,others,Always,Yes,Rarely,No,4,Sometimes,4,2,.,Scrolling option would be much better than going to next page,159983,2,2,Occasional Shopper,1
2023/06/07 6:30:43 PM GMT+5:30,16,Prefer not to say,Once a month,Groceries and Gourmet Food,Few times a week,Unknown,Multiple pages,2,No,Often,Found a better price elsewhere,Often,Yes,Never,No,5,Yes,2,2,Customer service,I have no problem with Amazon yet. But others tell me about the refund issues,834597,2,4,Occasional Shopper,1
2023/06/09 10:28:57 AM GMT+5:30,8,Others,Few times a month,Beauty and Personal Care;Clothing and Fashion;Home and Kitchen;others,Few times a month,Keyword,First page,3,No,Sometimes,others,Often,No,Never,No,3,No,5,1,Customer service,I don't have any problem with Amazon,708679,3,3,Occasional Shopper,1
2023/06/08 9:40:24 PM GMT+5:30,51,Prefer not to say,Less than once a month,Groceries and Gourmet Food;Beauty and Personal Care,Few times a week,Keyword,Multiple pages,4,Yes,Sometimes,Changed my mind or no longer need the item,Never,Yes,Occasionally,No,3,Sometimes,3,3,Customer service,User interface of app,751973,1,3,Occasional Shopper,2
2023/06/09 2:51:07 PM GMT+5:30,67,Others,Multiple times a week,Beauty and Personal Care;Clothing and Fashion,Rarely,categories,Multiple pages,2,No,Never,Found a better price elsewhere,Never,Yes,Rarely,No,5,Sometimes,1,1,Quick delivery,User interface,342559,5,1,At Risk,3
2023/06/04 6:31:41 PM GMT+5:30,29,Male,Once a month,Clothing and Fashion;Home and Kitchen,Rarely,Filter,First page,1,Maybe,Sometimes,High shipping costs,Sometimes,No,Heavily,Yes,5,No,5,2,User-friendly website/app interface,Add more familiar brands to the list,299929,2,3,Occasional Shopper,1
2023/06/05 12:05:20 AM GMT+5:30,60,Female,Few times a month,Groceries and Gourmet Food;Beauty and Personal Care;Clothing and Fashion,Multiple times a day,others,Multiple pages,5,Maybe,Rarely,others,Sometimes,No,Moderately,No,1,No,2,3,Competitive prices,Nil,190661,3,2,Occasional Shopper,0
2023/06/09 3:24:36 PM GMT+5:30,22,Others,Once a week,Home and Kitchen,Few times a month,others,Multiple pages,2,No,Never,High shipping costs,Rarely,No,Never,Yes,3,No,2,4,Competitive prices,Irrelevant product suggestions,556093,4,1,Frequent Shopper,0
2023/06/07 9:32:38 AM GMT+5:30,43,Others,Once a month,Beauty and Personal Care;Clothing and Fashion;Home and Kitchen,Few times a week,Filter,Multiple pages,1,Yes,Often,others,Rarely,No,Heavily,Yes,2,No,4,2,Customer service,User interface,668260,2,4,Occasional Shopper,1
2023/06/11 10:43:19 PM GMT+5:30,47,Others,Few times a month,Beauty and Personal Care;Clothing and Fashion,Few times a week,Keyword,Multiple pages,4,No,Often,Found a better price elsewhere,Sometimes,Yes,Never,Yes,3,Yes,3,3,Product recommendations,Product quality and accuracy,102172,3,4,Occasional Shopper,0
2023/06/08 3:29:26 AM GMT+5:30,47,Female,Less than once a month,Clothing and Fashion,Multiple times a day,Unknown,First page,5,Yes,Always,High shipping costs,Never,Yes,Heavily,Sometimes,2,No,4,4,User-friendly website/app interface,I don't have any problem with Amazon,421355,1,5,Occasional Shopper,2
2023/06/06 7:10:14 PM GMT+5:30,46,Others,Once a month,Groceries and Gourmet Food;Home and Kitchen;others,Multiple times a day,Keyword,First page,5,No,Rarely,others,Always,Yes,Moderately,Sometimes,3,No,4,1,All the above,Irrelevant product suggestions,720260,2,2,Occasional Shopper,1
2023/06/05 12:05:20 AM GMT+5:30,43,Male,Multiple times a week,Beauty and Personal Care;Home and Kitchen;others,Rarely,others,First page,1,Maybe,Often,High shipping costs,Rarely,Yes,Occasionally,Sometimes,4,No,3,3,Wide product selection,Scrolling option would be much better than going to next page,777634,5,4,Occasional Shopper,3
2023/06/09 7:24:06 PM GMT+5:30,64,Male,Once a month,Groceries and Gourmet Food;Home and Kitchen,Multiple times a day,Filter,First page,4,No,Always,Found a better price elsewhere,Never,No,Never,Yes,4,No,2,4,Quick delivery,better app interface and lower shipping charges,545801,2,5,Occasional Shopper,2
2023/06/09 9:37:44 AM GMT+5:30,4,Male,Less than once a month,Clothing and Fashion;Home and Kitchen;others,Few times a week,others,Multiple pages,2,Maybe,Always,Found a better price elsewhere,Sometimes,No,Moderately,No,5,Yes,1,3,User-friendly website/app interface,Reducing packaging waste,537502,1,5,Occasional Shopper,2
2023/06/07 12:13:39 PM GMT+5:30,19,Male,Multiple times a week,Groceries and Gourmet Food;Clothing and Fashion;Home and Kitchen,Few times a month,Keyword,Multiple pages,3,Yes,Rarely,Found a better price elsewhere,Rarely,No,Moderately,Sometimes,4,Sometimes,4,1,Competitive prices,Add more familiar brands to the list,312813,5,2,Occasional Shopper,3
2023/06/11 2:07:39 PM GMT+5:30,60,Male,Less than once a month,Groceries and Gourmet Food;Beauty and Personal Care;Clothing and Fashion;Home and Kitchen,Multiple times a day,others,First page,5,Yes,Sometimes,Changed my mind or no longer need the item,Sometimes,Yes,Rarely,Sometimes,3,Sometimes,4,2,Customer service,Nothing,526649,1,3,Occasional Shopper,1
2023/06/09 7:22:11 PM GMT+5:30,56,Female,Multiple times a week,Beauty and Personal Care;Clothing and Fashion;Home and Kitchen;others,Rarely,Unknown,Multiple pages,3,Maybe,Often,Changed my mind or no longer need the item,Sometimes,Yes,Occasionally,Yes,4,Sometimes,4,4,Customer service,.,524319,5,4,Frequent Shopper,0
2023/06/12 3:47:01 PM GMT+5:30,48,Female,Multiple times a week,Groceries and Gourmet Food,Multiple times a day,others,Multiple pages,5,Yes,Often,others,Often,Yes,Heavily,Yes,5,Yes,2,4,Wide product selection,Product quality and accuracy,637762,5,4,Frequent Shopper,0
2023/06/06 6:51:13 PM GMT+5:30,40,Male,Multiple times a week,Groceries and Gourmet Food;Beauty and Personal Care;Clothing and Fashion;Home and Kitchen,Few times a month,Keyword,Multiple pages,2,No,Always,others,Often,No,Occasionally,No,4,Sometimes,4,3,Quick delivery,Nil,290410,5,5,Occasional Shopper,3
2023/06/09 10:26:51 AM GMT+5:30,67,Others,Multiple times a week,Clothing and Fashion;Home and Kitchen,Multiple times a day,Keyword,First page,2,Yes,Sometimes,others,Often,Yes,Occasionally,Sometimes,1,Sometimes,3,2,All the above,Irrelevant product suggestions,867703,5,3,Occasional Shopper,3
